1,0,0,0,1,0,0,0,0,0,11,3,2,3,8,2,0,1
5,134,2,41,31,2013,0,0,8,0,3,2,2,8,2,2,0,1
0,0,0,0,12,461,0,0,45,0,11,3,2,1,1,2,0,0
2,268,0,0,13,420,0,0,0,0,9,3,2,1,13,2,1,1
0,0,0,0,4,57,0,0,0,0,11,3,2,1,2,2,0,0
0,0,0,0,19,751,0,0,13,0,3,2,2,1,2,2,1,1
1,0,4,154,224,5209,0,0,0,0,11,1,2,3,2,2,0,1
2,5,0,0,0,0,0,0,0,0,5,1,1,8,5,0,0,0
0,0,0,0,8,316,0,0,0,0,6,2,2,3,13,2,0,0
0,0,0,0,68,809,0,0,109,0,3,2,5,4,2,2,0,1
0,0,0,0,9,122,0,0,0,0,11,1,1,5,1,2,0,0
2,37,0,0,22,295,0,0,0,0,11,2,4,3,2,0,0,0
2,25,0,0,13,238,0,0,36,0,10,2,2,1,20,2,0,1
8,87,0,0,31,496,0,0,3,0,3,2,2,7,2,2,0,1
8,115,0,0,24,2159,0,0,0,0,9,2,2,5,2,2,0,0
0,0,0,0,8,152,0,0,0,0,5,3,2,1,2,2,0,0
0,0,0,0,7,491,0,0,45,0,12,3,2,4,2,0,1,1
4,96,0,0,15,276,0,0,69,0,10,2,2,1,4,2,1,1
6,133,1,398,129,4653,0,0,6,0,11,3,2,1,3,2,0,1
2,37,1,5,30,797,0,0,0,0,11,1,1,1,2,2,0,0
5,825,0,0,33,808,0,0,20,0,3,2,4,9,10,0,0,1
3,183,0,0,190,6375,0,0,0,0,11,2,2,1,2,2,0,0
3,127,1,46,33,1440,0,0,0,0,12,2,2,1,1,2,0,0
1,0,0,0,11,113,0,0,0,0,11,2,4,1,3,2,0,1
1,0,0,0,3,259,0,0,48,0,10,2,2,1,4,2,0,1
3,99,0,0,58,1261,0,0,0,0,11,1,2,9,2,0,0,1
5,376,3,105,6,441,0,0,0,0,3,2,2,1,1,2,0,0
0,0,0,0,9,608,0,0,42,0,12,2,2,9,2,2,0,1
0,0,0,0,13,263,0,0,0,0,11,2,2,9,13,2,1,0
0,0,0,0,4,67,0,0,0,0,5,2,4,1,3,2,0,0
16,315,6,147,173,6255,0,0,0,0,3,2,2,2,2,2,0,0
1,585,0,0,80,3634,0,0,26,0,11,3,2,2,2,2,0,1
0,0,0,0,8,149,0,0,64,0,5,2,2,1,2,2,0,1
2,12,0,0,4,38,0,0,0,0,11,1,2,1,5,2,0,0
1,20,0,0,77,3107,0,0,18,0,9,2,2,7,1,2,0,1
1,0,0,0,7,110,0,0,0,0,5,3,2,1,4,2,1,0
9,255,2,94,22,612,0,0,22,0,11,3,2,4,2,2,1,1
7,253,0,0,12,832,0,0,0,0,6,2,5,3,5,0,0,0
3,129,0,0,74,2378,0,0,4,0,11,2,6,9,1,2,0,1
0,0,0,0,9,1217,0,0,0,0,5,1,1,5,4,2,0,0
12,317,2,256,81,3675,0,0,11,0,12,2,2,1,10,2,1,1
2,112,0,0,27,1555,0,0,44,0,11,1,1,4,2,0,0,1
8,335,2,75,18,1494,0,0,12,0,11,2,2,9,10,2,0,1
2,36,0,0,80,2762,0,0,10,0,11,4,2,3,2,2,0,1
11,828,6,389,57,2099,0,0,3,0,3,2,2,1,2,2,0,0
5,271,2,42,6,147,0,0,0,0,8,3,2,7,2,0,1,0
2,992,5,809,28,1793,0,0,9,0,11,2,2,1,10,2,0,1
0,0,0,0,2,0,0,0,0,0,5,2,2,1,3,2,0,0
0,0,0,0,10,45,0,0,0,0,8,1,1,1,3,2,0,0
1,42,1,12,104,4054,0,0,141,0,11,2,2,1,2,2,0,1
2,28,0,0,7,212,0,0,94,0,11,2,2,3,2,0,1,1
0,0,0,0,3,17,0,0,0,0,3,1,1,1,1,2,0,0
0,0,0,0,32,1109,0,0,0,0,12,2,2,1,2,2,1,0
3,99,0,0,31,835,0,0,47,0,11,2,2,1,10,2,0,1
0,0,0,0,2,0,0,0,0,0,5,2,2,3,3,2,0,0
1,28,0,0,2,0,0,0,0,0,6,1,8,2,3,0,1,0
0,0,0,0,8,764,0,0,0,0,11,3,2,4,10,2,0,0
3,221,0,0,17,489,0,0,0,0,3,1,1,1,3,0,1,0
0,0,0,0,1,0,0,0,0,0,3,3,2,3,11,2,0,0
0,0,0,0,30,4262,0,0,65,0,12,2,10,7,1,2,1,1
4,124,0,0,3,165,0,0,0,0,5,2,6,4,1,2,0,0
5,84,0,0,19,409,0,0,0,0,3,3,2,2,3,0,0,0
5,274,0,0,13,717,0,0,0,0,3,1,1,3,10,0,0,0
0,0,0,0,23,2225,0,0,0,0,11,1,1,4,1,2,0,0
0,0,0,0,42,2058,0,0,0,0,5,2,10,7,1,2,0,0
0,0,0,0,6,351,0,0,0,0,6,2,2,1,3,2,0,0
0,0,0,0,51,507,0,0,12,0,10,3,2,1,1,2,1,1
10,614,0,0,47,3608,0,0,7,0,3,2,2,3,1,2,0,0
1,15,4,104,31,2725,0,0,20,0,11,2,2,3,1,2,0,1
0,0,0,0,2,0,0,0,0,0,11,1,1,1,1,2,0,0
2,9,2,24,80,5426,0,0,0,0,5,2,2,6,13,2,0,0
3,319,1,251,53,2525,0,0,52,0,7,2,2,9,4,2,0,1
0,0,0,0,1,0,0,0,0,0,11,2,2,1,13,2,0,0
3,54,0,0,50,1911,0,0,109,0,5,2,2,7,6,2,1,1
3,54,2,7,3,23,0,0,0,0,12,1,1,1,8,2,0,0
0,0,0,0,1,0,0,0,0,0,5,2,2,3,6,2,0,0
1,0,0,0,1,0,0,0,0,0,5,1,1,1,2,2,1,0
2,29,0,0,2,15,0,0,0,0,5,2,2,3,6,2,1,0
1,90,1,34,57,1092,0,0,19,0,5,2,2,7,4,2,0,1
0,0,0,0,8,204,0,0,0,0,12,1,1,1,1,2,1,0
12,432,3,112,42,2132,0,0,0,0,5,1,1,3,2,2,0,0
0,0,0,0,3,67,0,0,0,0,3,1,1,3,3,2,1,0
2,11,0,0,11,976,0,0,0,0,12,1,1,1,1,2,0,0
8,279,0,0,17,835,0,0,35,0,8,3,2,3,2,0,0,1
0,0,0,0,3,52,0,0,0,0,11,1,1,9,2,2,0,0
1,20,0,0,30,1038,0,0,0,0,11,3,2,1,2,2,0,0
8,85,0,0,41,1135,0,0,11,1,5,2,2,1,2,2,1,0
0,0,0,0,112,2218,0,0,0,0,11,2,2,1,2,2,0,0
4,92,1,0,47,1506,0,0,8,0,5,2,2,1,2,2,0,1
1,43,1,0,3,65,0,0,0,0,5,2,2,1,4,2,0,0
1,4,0,0,73,2000,0,0,0,0,9,2,10,7,3,2,0,0
0,0,0,0,16,824,0,0,0,0,12,2,2,3,2,2,0,1
0,0,0,0,28,512,0,0,1,0,7,2,2,7,1,2,1,1
9,160,0,0,48,3946,0,0,20,0,3,2,6,1,8,2,1,1
1,2,0,0,6,106,0,0,0,0,11,3,2,3,3,2,0,0
0,0,0,0,1,0,0,0,0,0,12,2,2,2,1,2,0,0
1,131,1,19,62,1524,0,0,83,0,11,2,2,1,2,0,0,1
5,504,0,0,13,922,0,0,0,0,3,3,2,8,2,2,0,0
0,0,0,0,39,935,0,0,0,0,12,2,2,8,2,2,0,0
5,41,1,114,401,14568,0,0,3,0,11,2,2,4,1,2,0,1
2,452,0,0,18,762,0,0,0,0,11,1,1,6,2,0,0,0
0,0,0,0,5,883,0,0,125,0,11,2,2,4,2,2,1,1
0,0,0,0,1,0,0,0,0,0,12,8,13,9,20,1,0,0
0,0,0,0,8,710,0,0,45,0,5,1,1,6,4,2,0,1
5,54,0,0,16,487,0,0,0,0,5,1,1,2,3,2,0,0
0,0,0,0,13,257,0,0,0,0,11,1,1,2,2,2,0,0
5,81,0,0,43,875,0,0,0,0,5,2,2,5,4,2,0,0
2,66,1,0,10,302,0,0,19,0,3,2,6,3,2,2,0,1
1,5,1,292,35,1916,0,0,11,0,5,2,10,6,3,2,0,1
7,141,0,0,33,486,0,0,11,0,6,2,2,3,1,2,0,0
6,228,5,89,18,513,0,0,0,0,3,1,1,3,3,0,0,0
5,43,1,295,20,675,0,0,0,0,7,1,1,4,2,2,0,0
6,60,1,30,51,1403,0,0,20,0,5,2,4,1,2,2,0,0
6,78,1,63,110,1691,0,0,19,0,8,2,2,7,4,2,1,0
11,385,0,0,54,1256,0,0,0,0,10,2,2,7,3,2,0,0
6,634,3,312,172,7017,0,0,0,0,11,2,4,1,2,2,0,0
0,0,1,5,66,2537,0,0,0,0,5,2,6,1,4,2,0,0
1,0,2,9,44,814,0,0,0,0,11,4,2,1,10,2,0,1
3,49,1,0,50,1570,0,0,1,0,11,3,2,1,10,2,0,1
1,4,0,0,30,1409,0,0,0,0,11,3,2,3,2,2,1,0
14,367,3,400,195,7980,0,0,3,0,11,2,2,2,1,2,1,1
0,0,0,0,35,888,0,0,7,0,5,2,2,6,3,2,0,1
3,44,0,0,10,355,0,0,0,0,5,2,2,1,2,0,0,0
1,4,0,0,24,957,0,0,22,0,5,3,2,6,13,2,0,1
0,0,0,0,3,189,0,0,0,0,5,2,2,3,4,2,0,0
0,0,0,0,40,2046,0,0,0,0,11,1,8,1,11,2,0,1
0,0,0,0,72,2304,0,0,3,0,11,3,2,1,2,2,0,1
1,250,0,0,1,0,0,0,0,0,11,2,2,9,13,2,0,0
5,79,3,242,17,1142,0,0,62,0,3,3,2,6,2,2,0,0
0,0,0,0,13,374,0,0,16,0,8,4,1,1,3,2,0,1
0,0,0,0,13,353,0,0,36,0,6,1,1,1,2,0,0,1
1,41,0,0,37,1501,0,0,15,0,5,2,6,1,3,2,0,1
0,0,2,5,13,354,0,0,68,0,9,3,2,4,4,2,1,0
2,5,0,0,3,20,0,0,0,0,5,1,1,1,4,2,0,0
4,184,0,0,3,52,0,0,0,0,10,3,2,1,5,2,0,0
0,0,0,0,6,202,0,0,0,0,5,1,1,3,1,2,1,0
0,0,0,0,27,1433,0,0,0,0,11,2,4,3,2,2,0,0
6,75,0,0,3,66,0,0,21,0,8,2,2,7,6,2,0,1
2,33,0,0,2,5,0,0,0,0,5,2,2,1,2,0,0,0
1,9,1,49,25,2454,0,0,31,0,5,2,2,9,6,2,0,1
0,0,0,0,4,880,0,0,0,0,5,2,2,7,1,2,1,0
5,230,2,135,27,517,0,0,30,0,5,2,2,4,2,0,1,1
0,0,0,0,5,156,0,0,0,0,11,2,4,7,1,2,0,1
8,46,3,10,111,5358,0,0,10,0,11,2,2,1,11,2,0,1
0,0,0,0,45,747,0,0,0,0,11,3,2,1,13,2,0,0
1,27,0,0,17,1723,0,0,0,0,5,2,5,9,4,0,0,0
2,91,0,0,6,273,0,0,0,0,9,3,2,1,2,0,1,0
6,124,0,0,5,94,0,0,0,0,11,1,1,2,5,0,0,1
0,0,0,0,2,50,0,0,0,0,3,3,2,8,11,2,0,0
8,310,1,49,71,1441,0,0,48,0,10,1,1,2,20,2,1,1
4,52,1,7,46,3087,0,0,16,0,3,2,2,3,8,2,0,1
0,0,0,0,15,475,0,0,0,0,12,1,1,3,8,0,0,0
0,0,0,0,65,1803,0,0,0,0,5,3,2,6,3,2,0,0
0,0,0,0,25,954,0,0,0,0,3,3,2,1,1,2,1,0
0,0,0,0,19,215,0,0,0,0,3,2,2,3,10,2,0,0
0,0,0,0,1,27,0,0,58,0,11,2,2,4,20,2,0,1
7,105,0,0,44,778,0,0,37,0,8,2,2,6,2,0,0,1
0,0,0,0,19,421,0,0,6,0,5,3,2,2,13,2,0,1
0,0,0,0,48,4152,0,0,0,0,11,2,2,1,1,2,1,0
7,235,4,66,37,729,0,0,60,0,11,2,2,1,2,2,0,1
5,79,0,0,36,1081,0,0,0,0,9,1,2,2,2,2,1,0
0,0,0,0,39,537,0,0,0,0,5,4,2,3,13,2,0,0
9,196,1,62,6,148,0,0,0,0,12,4,1,9,2,2,0,0
1,81,0,0,12,131,0,0,0,1,5,3,2,1,4,2,1,0
0,0,0,0,7,76,0,0,0,0,5,3,2,1,1,2,0,0
3,91,0,0,11,534,0,0,44,0,5,1,1,1,2,0,0,1
8,256,1,0,57,1319,0,0,3,0,11,3,2,3,2,2,1,1
0,0,0,0,1,0,0,0,0,0,12,1,1,2,3,2,0,0
0,0,0,0,11,142,0,0,0,0,5,2,2,9,4,2,1,0
3,20,0,0,87,2467,0,0,11,0,12,4,2,1,2,2,0,0
0,0,0,0,1,0,0,0,0,0,3,3,3,5,2,2,0,0
0,0,0,0,47,2032,0,0,0,0,11,3,2,7,1,2,1,0
3,184,0,0,106,4590,0,0,3,0,8,2,2,9,2,2,0,1
0,0,0,0,22,641,0,0,34,0,10,1,1,1,2,2,0,0
3,105,0,0,37,1384,0,0,0,0,5,2,2,7,13,2,0,0
2,3,4,161,137,4791,0,0,5,0,11,2,2,1,2,2,0,1
7,89,0,0,26,1163,0,0,26,0,5,3,2,3,4,0,0,1
0,0,0,0,30,1281,0,0,0,0,3,2,4,2,1,2,0,0
0,0,1,0,43,367,0,0,0,0,6,2,4,1,3,2,0,0
4,20,0,0,34,461,0,0,0,0,7,2,4,1,4,2,1,0
1,27,3,17,1,10,0,0,0,0,11,1,1,1,8,0,0,1
0,0,0,0,20,480,0,0,0,1,5,1,8,1,19,2,1,0
0,0,0,0,26,3242,0,0,0,0,5,4,1,4,6,2,1,0
4,176,1,40,72,1548,0,0,1,0,8,2,4,3,5,2,0,1
4,47,0,0,29,5198,0,0,0,0,5,2,4,2,2,2,0,0
3,25,0,0,10,327,0,0,11,0,7,1,1,1,5,2,0,1
2,56,1,28,42,1753,0,0,4,0,11,4,1,9,8,2,1,1
9,726,0,0,80,4322,0,0,8,0,5,2,2,2,2,2,0,1
2,91,2,678,66,2101,0,0,48,0,10,2,2,3,2,2,0,1
1,7,0,0,20,887,0,0,34,0,5,2,2,3,11,2,0,1
0,0,0,0,7,354,0,0,0,0,11,2,2,4,8,2,0,0
6,84,0,0,24,1387,0,0,11,0,11,2,2,1,3,2,0,1
5,172,0,0,21,486,0,0,48,0,11,2,2,4,1,2,0,1
0,0,0,0,31,2767,0,0,52,0,11,8,13,9,20,1,0,1
0,0,0,0,12,1111,0,0,0,0,5,2,2,5,1,2,0,0
10,323,0,0,46,1044,0,0,0,0,5,3,2,7,4,2,0,0
0,0,0,0,51,742,0,0,0,0,11,1,1,3,2,2,1,0
0,0,0,0,21,642,0,0,0,0,12,2,2,6,2,2,1,0
1,43,3,230,93,3773,0,0,17,0,11,2,2,1,2,2,0,1
2,131,0,0,26,1960,0,0,33,0,11,1,1,1,2,2,0,1
6,146,0,0,61,2405,0,0,0,0,12,2,1,1,2,2,0,1
0,0,0,0,8,240,0,0,58,0,5,2,2,3,2,0,0,1
4,131,0,0,30,548,0,0,6,0,11,2,2,2,4,2,0,1
3,23,0,0,16,431,0,0,0,0,7,2,2,7,13,2,1,0
14,578,2,913,31,699,0,0,22,0,5,2,2,3,4,2,1,1
3,83,0,0,5,47,0,0,0,0,5,2,2,4,1,2,0,0
0,0,0,0,17,639,0,0,63,0,10,2,2,3,4,0,0,1
0,0,0,0,1,0,0,0,0,0,5,2,5,7,3,2,0,0
0,0,0,0,11,606,0,0,0,0,5,1,8,9,4,2,1,0
9,156,5,156,83,2694,0,0,0,0,11,2,4,1,2,2,0,1
0,0,0,0,4,33,0,0,0,0,5,2,10,1,3,2,0,0
0,0,0,0,10,664,0,0,0,0,11,2,2,8,2,0,1,0
0,0,0,0,23,255,0,0,0,0,5,3,2,4,2,2,0,0
3,68,0,0,26,741,0,0,13,0,11,3,2,4,10,2,0,1
1,5,2,66,64,1716,0,0,0,0,11,4,2,1,2,2,1,0
3,90,3,65,13,1036,0,0,19,0,11,3,2,1,4,2,1,0
0,0,0,0,7,49,0,0,0,0,9,1,1,9,3,2,0,0
0,0,0,0,14,242,0,0,0,0,11,1,1,1,2,2,0,1
6,176,12,404,41,2720,0,0,8,0,3,2,2,2,2,2,1,1
0,0,0,0,8,232,0,0,0,0,7,1,2,1,2,2,1,0
0,0,2,288,132,6725,0,0,0,0,11,2,2,2,2,2,0,0
6,123,0,0,34,1570,0,0,19,0,12,2,2,2,7,2,1,1
0,0,0,0,13,555,0,0,47,0,11,4,2,4,2,0,0,1
2,35,0,0,2,20,0,0,40,0,9,2,2,1,6,0,0,1
4,97,2,16,26,690,0,0,59,0,7,2,4,8,2,2,0,1
2,107,2,96,32,833,0,0,0,0,7,3,2,4,1,2,0,1
2,90,2,88,19,1214,0,0,15,0,11,1,1,4,2,2,0,1
0,0,1,41,98,2400,0,0,0,0,11,2,2,1,2,2,0,1
0,0,0,0,7,138,0,0,179,0,11,2,2,4,2,0,1,1
10,1455,0,0,66,1646,0,0,0,0,11,2,2,1,2,2,1,0
0,0,3,114,22,583,0,0,2,0,9,1,1,3,1,2,0,1
0,0,0,0,6,60,0,0,0,0,11,3,2,5,1,2,0,0
0,0,0,0,8,123,0,0,59,0,5,2,2,1,2,0,0,1
0,0,0,0,14,655,0,0,0,0,5,2,2,7,4,2,1,0
0,0,0,0,2,0,0,0,0,0,11,1,8,3,1,2,1,0
0,0,0,0,4,145,0,0,0,0,8,2,4,7,2,2,0,0
0,0,0,0,51,2786,0,0,0,0,11,2,2,1,3,2,0,0
0,0,0,0,39,4022,0,0,0,0,11,2,2,6,1,2,0,0
2,25,0,0,13,343,0,0,0,0,12,2,2,2,2,0,0,0
0,0,0,0,22,1310,0,0,23,0,3,2,2,1,1,2,0,1
0,0,0,0,24,1010,0,0,31,0,12,3,2,8,2,2,0,1
0,0,0,0,4,26,0,0,0,0,5,2,2,1,13,2,0,0
0,0,0,0,30,1029,0,0,0,0,12,3,2,1,2,2,0,0
10,392,2,193,106,3711,0,0,0,0,11,2,2,1,1,2,0,1
0,0,0,0,32,827,0,0,54,0,3,2,2,7,2,2,0,1
3,155,0,0,18,595,0,0,0,0,11,1,1,1,2,0,0,0
1,12,3,77,31,2372,0,0,10,0,3,2,2,1,2,2,0,0
0,0,1,14,30,2445,0,0,0,0,12,3,2,3,3,2,0,0
7,95,0,0,41,1164,0,0,27,0,12,3,2,5,1,2,1,1
3,40,0,0,19,1051,0,0,12,0,5,1,1,4,3,2,0,1
5,132,1,8,167,5080,0,0,64,0,11,4,2,1,1,2,1,1
2,287,0,0,16,473,0,0,0,0,10,2,2,1,2,0,1,0
3,32,0,0,27,1273,0,0,43,0,11,2,2,1,2,0,0,1
5,113,0,0,13,437,0,0,0,0,3,1,8,4,11,0,0,0
0,0,0,0,13,350,0,0,0,0,5,3,2,9,13,2,0,0
0,0,0,0,6,224,0,0,0,0,5,4,1,3,2,2,0,0
0,0,0,0,12,183,0,0,0,0,11,3,2,1,2,2,0,0
0,0,0,0,15,292,0,0,54,0,5,3,2,4,4,2,0,1
8,247,0,0,163,4600,0,0,5,0,11,2,4,3,2,2,0,1
0,0,0,0,26,1056,0,0,0,0,5,1,1,1,1,2,0,0
3,275,1,29,30,1107,0,0,35,0,3,3,2,3,1,2,1,1
8,164,0,0,33,865,0,0,61,0,12,2,2,5,2,0,0,1
7,91,0,0,23,297,0,0,0,0,11,2,2,6,2,0,0,0
6,294,6,1343,51,3472,0,0,0,0,11,2,2,1,2,2,0,0
0,0,0,0,27,1070,0,0,57,0,3,2,2,3,2,2,0,1
0,0,0,0,17,349,0,0,0,0,11,3,2,9,20,2,0,0
1,28,0,0,30,1862,0,0,0,0,11,3,2,1,13,2,0,0
2,15,0,0,30,1724,0,0,0,0,3,2,2,3,1,2,1,0
0,0,0,0,30,1682,0,0,41,0,12,2,2,4,2,2,0,1
9,250,2,30,155,4643,0,0,10,0,11,2,2,1,3,2,0,1
1,135,0,0,2,141,0,0,0,0,3,2,2,1,10,2,0,0
1,21,0,0,16,375,0,0,0,0,12,1,1,1,2,0,0,0
0,0,0,0,11,292,0,0,0,0,6,1,1,4,3,2,1,0
0,0,0,0,5,614,0,0,0,0,12,2,10,2,2,2,0,0
0,0,0,0,10,111,0,0,0,0,5,2,2,1,2,2,0,0
3,83,0,0,20,798,0,0,0,0,11,1,1,1,3,2,0,0
6,112,8,224,114,3459,0,0,5,0,11,2,2,3,8,2,1,1
4,55,0,0,27,705,0,0,0,0,11,1,1,9,3,2,0,0
0,0,0,0,5,56,0,0,0,0,3,2,2,1,1,2,0,0
9,468,1,88,114,3772,0,0,42,0,5,2,2,2,14,2,1,1
10,163,1,294,80,1979,0,0,19,0,11,2,1,2,2,2,1,1
0,0,0,0,15,956,0,0,20,0,11,2,2,3,1,2,0,0
0,0,0,0,6,254,0,0,0,0,11,2,2,1,2,0,0,1
3,64,0,0,5,47,0,0,45,0,9,2,2,1,3,2,0,1
0,0,0,0,1,643,0,0,0,0,5,2,2,1,5,2,0,0
0,0,0,0,7,376,0,0,53,0,8,2,2,1,2,0,0,1
5,120,1,0,27,1583,0,0,39,0,3,2,2,4,2,2,0,0
1,56,0,0,19,1089,0,0,24,0,12,2,2,7,2,2,0,1
3,173,0,0,14,890,0,0,52,0,12,4,5,5,10,2,0,1
2,15,0,0,11,223,0,0,0,0,9,2,2,3,6,0,1,1
3,213,0,0,2,338,0,0,112,0,10,1,1,1,5,2,0,1
0,0,0,0,35,536,0,0,3,0,7,2,2,3,4,2,0,1
2,115,0,0,97,1940,0,0,0,0,11,1,1,3,10,2,1,0
4,100,0,0,66,2868,0,0,9,0,3,3,2,1,1,2,0,1
6,189,0,0,25,635,0,0,10,0,11,3,2,3,8,2,1,1
2,57,0,0,28,724,0,0,32,0,5,1,1,1,4,2,0,1
1,44,0,0,52,1300,0,0,6,0,11,2,2,2,2,2,1,1
0,0,0,0,39,905,0,0,0,0,5,3,2,1,3,2,0,0
4,96,1,535,9,1888,0,0,0,0,11,2,2,9,2,2,0,0
6,312,1,11,92,2710,0,0,0,0,5,2,2,4,3,2,0,0
6,352,0,0,21,696,0,0,75,0,3,2,2,6,10,0,1,1
1,0,0,0,39,1159,0,0,0,0,11,2,2,6,2,2,1,1
0,0,0,0,5,44,0,0,0,0,11,1,1,1,3,2,0,0
4,55,0,0,2,13,0,0,0,0,12,2,10,4,2,0,0,1
0,0,0,0,14,406,0,0,0,0,7,4,5,3,3,2,0,0
0,0,0,0,65,3873,0,0,0,0,11,3,2,1,2,2,1,1
4,32,0,0,34,1378,0,0,18,0,5,3,2,1,4,2,1,1
0,0,0,0,3,275,0,0,32,0,10,3,2,2,2,0,0,1
0,0,0,0,50,1149,0,0,4,0,5,4,1,1,4,2,0,1
0,0,0,0,96,1231,0,0,0,0,7,2,4,3,1,2,0,0
0,0,0,0,10,203,0,0,0,0,3,3,2,2,3,2,0,0
4,155,0,0,13,474,0,0,0,0,3,3,2,1,1,2,0,0
0,0,0,0,6,252,0,0,22,0,11,1,1,7,3,2,0,1
3,29,1,0,4,15,0,0,0,0,9,2,2,8,2,2,0,1
0,0,0,0,5,829,0,0,0,0,5,2,2,3,2,2,1,0
0,0,0,0,17,390,0,0,0,0,11,1,1,3,3,0,1,0
12,152,1,0,219,7044,0,0,11,0,11,2,2,1,1,2,0,1
6,432,0,0,30,363,0,0,12,0,10,1,1,3,2,2,0,1
0,0,0,0,5,109,0,0,0,0,5,3,2,1,13,2,0,0
0,0,0,0,1,0,0,0,0,0,11,2,2,7,10,2,1,0
2,14,0,0,49,789,0,0,0,0,3,3,2,7,1,2,0,0
0,0,0,0,200,6867,0,0,0,0,11,2,2,1,2,2,0,0
0,0,0,0,1,0,0,0,0,0,11,2,4,3,3,2,0,0
1,8,2,134,21,507,0,0,0,0,11,2,10,1,1,2,0,1
1,13,1,10,18,445,0,0,0,0,11,1,1,4,3,2,0,0
5,179,0,0,47,1011,0,0,3,0,11,3,2,2,1,2,0,1
0,0,0,0,1,0,0,0,0,0,2,2,2,2,1,2,1,0
0,0,0,0,1,0,0,0,0,0,11,2,5,1,1,2,1,0
2,78,0,0,24,424,0,0,0,0,3,1,1,3,10,0,0,0
0,0,0,0,49,2110,0,0,62,0,11,2,2,1,10,2,0,1
3,86,0,0,22,1187,0,0,0,0,3,3,2,3,1,2,1,0
8,117,0,0,17,545,0,0,0,0,5,2,2,1,13,2,0,0
3,154,0,0,8,422,0,0,27,0,7,1,1,4,4,2,0,1
4,100,0,0,30,310,0,0,28,0,7,2,2,5,2,2,1,1
0,0,0,0,15,384,0,0,0,0,12,3,2,1,2,0,0,0
0,0,0,0,34,877,0,0,5,0,5,2,2,1,2,2,0,0
0,0,0,0,21,173,0,0,0,0,12,1,2,3,3,2,0,0
0,0,0,0,1,15,0,0,47,0,9,1,1,6,3,0,0,1
0,0,0,0,26,955,0,0,0,0,12,2,2,7,2,0,1,0
10,380,0,0,39,1526,0,0,0,0,11,2,6,5,2,2,0,0
0,0,2,26,149,6001,0,0,0,0,11,2,2,1,2,2,0,1
2,166,2,55,10,1968,0,0,0,0,5,1,1,1,6,0,1,0
7,397,1,88,107,6449,0,0,5,0,11,2,2,9,1,2,0,1
2,48,0,0,3,66,0,0,0,0,5,3,2,1,3,2,0,0
5,27,0,0,5,51,0,0,0,0,8,2,2,2,2,0,0,1
11,353,6,230,85,3725,0,0,2,0,12,3,2,6,1,2,0,1
8,82,0,0,84,2289,0,0,0,0,6,1,1,7,3,2,0,0
0,0,0,0,8,357,0,0,0,0,3,2,10,4,3,2,1,0
0,0,0,0,2,0,0,0,0,0,12,3,7,3,1,2,0,0
4,26,0,0,12,704,0,0,0,0,10,2,4,3,2,2,0,1
2,59,0,0,70,2509,0,0,11,0,5,2,2,3,1,2,0,1
6,132,3,79,45,1620,0,0,0,0,10,1,1,1,2,2,0,0
6,279,2,69,41,1430,0,0,3,0,12,2,2,2,7,2,0,1
0,0,0,0,3,50,0,0,0,0,3,2,2,1,2,2,0,0
1,41,0,0,44,3227,0,0,28,0,5,2,2,4,13,2,0,1
0,0,0,0,6,31,0,0,0,0,10,2,5,1,1,2,0,0
3,49,0,0,20,547,0,0,15,0,11,3,2,5,2,2,0,1
0,0,0,0,13,323,0,0,35,0,3,1,1,4,10,2,0,1
0,0,0,0,8,885,0,0,49,0,11,3,2,1,8,2,0,1
0,0,1,6,65,2349,0,0,0,0,7,2,2,2,3,2,0,0
7,111,2,5,131,5396,0,0,7,0,11,2,1,1,2,2,0,1
0,0,0,0,10,274,0,0,0,0,6,2,2,4,3,2,0,0
1,7,0,0,5,78,0,0,0,0,12,2,2,7,1,2,0,0
2,51,2,99,35,1475,0,0,27,0,5,2,4,2,4,2,1,1
7,150,0,0,7,219,0,0,0,0,12,1,1,1,2,2,1,0
4,164,0,0,30,2136,0,0,0,0,5,2,2,1,2,0,0,0
1,37,0,0,12,663,0,0,10,0,3,3,2,6,8,0,0,1
1,0,0,0,53,1170,0,0,31,0,8,2,4,2,3,2,0,1
0,0,0,0,7,152,0,0,0,0,12,3,2,3,2,0,0,0
7,285,0,0,28,587,0,0,10,0,11,1,1,6,3,2,0,1
0,0,0,0,17,1040,0,0,128,0,12,2,2,5,2,0,0,1
1,12,0,0,6,140,0,0,15,0,7,2,10,3,2,2,1,1
1,47,0,0,5,388,0,0,31,0,3,1,1,7,3,2,1,1
0,0,0,0,10,122,0,0,0,0,11,1,1,1,5,0,1,0
12,198,4,11,76,4514,0,0,0,0,11,2,2,3,1,2,0,1
2,40,0,0,133,4815,0,0,8,0,11,2,2,3,1,2,0,1
0,0,0,0,21,248,0,0,0,0,5,2,5,6,3,2,0,0
3,69,0,0,37,769,0,0,47,0,5,3,2,3,2,0,1,1
2,30,0,0,77,2531,0,0,12,0,11,1,1,6,8,2,0,1
0,0,0,0,21,455,0,0,14,0,12,4,1,1,2,0,0,1
0,0,0,0,11,220,0,0,0,0,12,3,2,7,1,2,1,0
0,0,0,0,5,57,0,0,0,0,5,2,2,3,1,2,0,0
0,0,2,116,11,419,0,0,0,0,12,2,2,1,2,2,0,0
13,448,2,504,171,5341,0,0,12,0,11,3,2,1,13,2,0,1
6,65,2,243,19,681,0,0,28,1,5,2,2,1,2,2,1,1
0,0,0,0,19,528,0,0,0,0,9,2,2,5,2,2,0,0
4,82,0,0,8,142,0,0,0,0,5,3,2,1,4,2,0,0
0,0,0,0,16,953,0,0,21,0,5,2,2,9,4,0,0,1
0,0,0,0,7,611,0,0,0,0,12,3,2,6,8,0,0,0
0,0,0,0,18,224,0,0,0,0,5,1,2,3,4,2,0,0
4,204,0,0,12,159,0,0,0,0,5,1,1,4,2,0,1,0
0,0,0,0,21,952,0,0,91,0,5,2,4,1,3,0,0,1
0,0,0,0,12,315,0,0,0,0,11,1,1,9,2,2,1,0
0,0,0,0,6,199,0,0,0,0,12,2,4,1,3,1,0,0
0,0,0,0,6,140,0,0,0,0,3,3,2,1,1,2,0,0
0,0,0,0,5,29,0,0,0,0,3,2,2,7,2,2,0,0
0,0,0,0,2,11,0,0,0,0,12,2,2,2,2,2,1,0
0,0,1,165,12,833,0,0,34,0,5,3,2,8,4,2,0,1
4,162,2,44,20,1115,0,0,0,0,3,1,2,3,10,2,0,0
1,27,0,0,3,20,0,0,0,0,11,1,1,4,8,2,0,0
0,0,1,19,27,1523,0,0,22,0,5,1,1,1,4,2,0,1
2,35,0,0,20,979,0,0,60,0,3,2,2,3,2,2,0,1
1,418,3,76,70,3345,0,0,7,0,5,2,10,6,4,2,0,1
0,0,0,0,1,0,0,0,0,0,2,3,3,3,2,2,1,0
0,0,1,33,72,1460,0,0,0,0,11,1,1,1,2,2,0,1
1,34,0,0,26,502,0,0,22,0,10,3,2,6,2,0,1,1
0,0,0,0,1,0,0,0,0,0,6,2,2,1,3,2,0,0
2,82,0,0,10,352,0,0,27,0,9,2,2,1,2,0,1,1
3,24,0,0,6,58,0,0,0,0,3,2,2,8,2,2,0,0
0,0,0,0,6,30,0,0,0,0,5,3,2,6,1,2,0,0
3,42,2,41,18,1049,0,0,14,0,3,3,2,2,3,2,1,1
0,0,2,105,194,6460,0,0,1,0,11,2,2,3,2,2,0,1
7,216,0,0,37,825,0,0,0,0,9,2,2,1,1,2,0,0
0,0,0,0,17,433,0,0,0,1,5,3,2,4,4,2,1,0
1,139,3,871,137,7672,0,0,37,0,10,2,2,4,2,2,0,1
6,102,1,10,23,237,0,0,0,0,5,2,2,1,4,2,0,0
2,78,0,0,117,4185,0,0,2,0,7,2,2,1,1,2,0,1
1,5,0,0,44,630,0,0,0,0,5,2,2,6,3,2,0,0
0,0,0,0,3,119,0,0,0,0,11,1,1,2,10,2,0,0
0,0,2,478,5,204,0,0,0,0,11,3,2,1,13,2,0,0
1,20,0,0,8,268,0,0,0,0,5,3,2,1,4,2,0,0
2,112,0,0,9,198,0,0,0,0,3,3,2,3,2,0,1,0
5,147,0,0,12,1226,0,0,5,0,9,3,2,2,1,2,0,1
5,415,0,0,115,4424,0,0,13,0,8,2,4,4,1,2,1,1
8,131,1,4,95,2107,0,0,0,0,5,2,2,4,4,2,1,0
1,62,0,0,79,3421,0,0,4,0,10,2,4,1,2,2,0,1
10,549,5,608,213,9151,0,0,2,0,10,2,2,1,2,2,0,1
0,0,0,0,10,902,0,0,0,0,11,2,2,3,20,2,1,0
5,100,0,0,56,1432,0,0,69,0,3,2,2,3,3,2,1,1
3,67,0,0,2,19,0,0,0,0,12,1,1,3,20,0,0,1
1,107,5,143,2,17,0,0,0,0,12,3,2,3,1,2,0,0
1,104,0,0,5,152,0,0,64,0,12,2,13,9,20,2,0,1
2,17,0,0,89,3401,0,0,5,0,11,2,2,1,2,2,1,0
2,35,0,0,3,18,0,0,0,0,7,3,2,3,3,2,1,1
1,54,0,0,23,816,0,0,0,0,12,2,2,5,10,2,0,0
7,108,2,42,32,879,0,0,11,0,5,1,1,1,4,2,0,0
5,271,1,0,40,675,0,0,0,0,10,2,2,3,2,2,0,0
5,38,2,9,7,584,0,0,0,0,7,1,1,1,2,2,1,1
3,62,1,0,30,647,0,0,13,0,7,2,2,3,1,2,1,1
2,14,0,0,8,57,0,0,0,0,3,1,2,4,8,0,0,0
7,151,0,0,44,1406,0,0,0,0,3,1,1,4,2,2,0,0
0,0,0,0,39,1346,0,0,67,0,12,1,1,4,2,0,0,1
0,0,0,0,7,159,0,0,0,0,8,3,3,3,1,2,1,0
1,37,0,0,81,2533,0,0,0,0,5,2,2,3,4,2,0,0
1,47,0,0,6,146,0,0,29,0,10,2,2,1,2,2,0,0
0,0,0,0,14,510,0,0,31,0,3,2,2,1,2,0,0,1
0,0,0,0,3,0,0,0,0,0,11,3,2,6,13,2,0,0
0,0,0,0,14,354,0,0,124,0,5,1,1,6,5,0,0,1
0,0,1,12,22,1668,0,0,12,0,12,2,2,1,2,0,1,1
0,0,0,0,1,0,0,0,0,0,2,3,2,3,3,2,0,0
1,0,0,0,19,2236,0,0,19,0,5,4,1,2,4,2,1,1
5,40,0,0,35,840,0,0,64,0,11,2,2,1,1,2,0,1
0,0,0,0,3,293,0,0,0,0,5,2,2,1,5,2,0,0
1,69,0,0,16,895,0,0,32,0,5,3,2,2,6,2,0,1
1,8,0,0,33,636,0,0,0,0,12,3,2,1,2,0,0,0
3,37,0,0,21,1231,0,0,0,0,11,2,4,9,8,0,1,1
0,0,0,0,1,0,0,0,0,0,12,3,2,4,1,2,0,0
5,68,2,9,32,1195,0,0,32,0,11,2,5,3,2,2,0,1
0,0,0,0,80,1566,0,0,0,0,9,2,2,6,1,2,0,1
0,0,0,0,2,242,0,0,0,0,12,8,13,9,20,1,0,0
12,1028,1,3,155,6794,0,0,3,0,11,2,2,1,2,2,0,1
0,0,0,0,18,415,0,0,0,0,11,2,10,7,10,2,0,0
1,120,1,260,22,1148,0,0,7,0,11,2,2,1,1,2,1,1
8,79,2,45,62,3657,0,0,9,0,5,2,7,4,4,2,0,1
2,124,0,0,2,112,0,0,0,0,8,2,2,1,1,0,0,0
10,274,5,247,61,2267,0,0,48,0,11,2,2,1,2,2,0,1
2,20,0,0,22,868,0,0,62,0,12,2,2,1,2,2,0,0
0,0,0,0,17,356,0,0,151,0,11,2,5,5,8,0,0,1
2,77,0,0,43,1607,0,0,0,0,3,2,2,1,2,2,0,0
0,0,2,183,16,866,0,0,0,0,11,4,1,3,3,2,1,0
4,142,0,0,56,1885,0,0,5,0,11,2,5,3,11,2,0,1
0,0,0,0,30,901,0,0,34,0,12,2,2,7,2,0,0,1
0,0,1,297,8,320,0,0,17,0,10,2,2,1,20,2,0,1
0,0,0,0,4,28,0,0,0,0,5,4,1,1,1,2,0,0
0,0,0,0,5,43,0,0,0,0,11,3,3,1,3,2,0,0
6,212,1,9,10,491,0,0,0,0,5,1,1,1,2,2,0,0
2,182,0,0,27,1165,0,0,0,0,11,2,4,6,11,0,1,0
5,59,3,124,156,5189,0,0,20,0,11,2,2,7,1,2,0,1
2,30,0,0,176,4126,0,0,22,0,5,2,2,7,2,2,0,1
7,161,3,775,19,4996,0,0,14,0,3,2,4,8,2,2,0,1
0,0,0,0,2,1207,0,0,0,0,5,3,3,3,1,2,0,0
1,216,0,0,34,1463,0,0,0,0,11,1,1,8,2,2,0,0
0,0,0,0,7,649,0,0,0,0,12,2,2,4,2,0,0,1
0,0,0,0,12,640,0,0,0,0,12,1,1,5,1,2,1,0
8,535,2,12,22,2178,0,0,15,0,5,1,2,2,13,2,0,0
2,95,0,0,13,334,0,0,0,0,3,3,2,1,8,0,0,0
0,0,0,0,19,535,0,0,0,0,11,2,2,1,11,2,0,0
1,22,0,0,9,348,0,0,16,0,11,2,2,3,3,2,0,1
1,39,0,0,15,787,0,0,0,0,3,4,1,1,10,2,0,0
0,0,0,0,8,185,0,0,0,0,5,1,1,3,2,2,1,0
5,151,0,0,11,283,0,0,13,0,11,2,2,6,20,2,0,1
4,136,0,0,31,1141,0,0,10,0,3,1,1,1,1,2,0,1
4,99,0,0,38,876,0,0,0,0,11,4,1,7,3,2,0,0
0,0,0,0,79,4709,0,0,0,0,11,2,2,6,2,0,0,1
9,367,0,0,85,2387,0,0,3,0,5,3,2,6,4,2,1,1
3,75,1,0,130,4737,0,0,43,0,11,2,2,1,2,2,0,1
1,4,0,0,49,4651,0,0,0,0,5,2,2,7,2,2,0,0
2,49,0,0,260,8555,0,0,0,0,11,1,2,1,2,2,0,1
2,33,0,0,28,898,0,0,0,0,3,2,10,6,10,2,0,0
4,52,0,0,11,463,0,0,0,0,11,3,2,6,11,0,1,0
5,92,0,0,2,99,0,0,0,0,11,2,2,1,8,0,1,1
0,0,0,0,13,227,0,0,0,0,5,1,1,3,2,2,0,0
11,162,3,67,80,2453,0,0,4,0,11,2,2,3,2,2,0,1
5,127,0,0,15,766,0,0,65,0,8,1,8,4,1,2,0,1
0,0,0,0,1,0,0,0,0,0,5,2,2,1,11,2,0,0
0,0,0,0,15,734,0,0,40,0,12,2,2,9,2,2,0,1
6,262,3,298,49,2302,0,0,43,0,3,1,1,1,2,2,0,1
4,209,0,0,23,1780,0,0,0,0,11,2,2,3,2,0,0,0
0,0,0,0,57,1718,0,0,0,0,5,1,1,2,3,2,0,0
0,0,0,0,89,2924,0,0,0,0,11,2,2,1,10,2,0,1
0,0,0,0,6,362,0,0,0,0,5,2,2,2,3,2,0,0
12,504,2,1665,243,8768,0,0,1,0,7,2,2,1,1,2,0,1
0,0,0,0,21,304,0,0,0,0,12,2,2,3,10,2,0,0
0,0,0,0,3,10,0,0,0,0,3,2,2,7,1,2,0,0
0,0,0,0,31,1297,0,0,0,0,11,2,1,1,2,2,1,0
4,22,0,0,15,289,0,0,57,0,3,2,2,2,3,0,1,1
14,324,2,40,12,338,0,0,0,0,12,1,1,1,10,2,1,0
6,513,0,0,33,2690,0,0,30,0,11,2,4,1,2,2,0,1
0,0,0,0,2,21,0,0,0,1,5,2,2,7,1,2,1,0
0,0,0,0,20,593,0,0,20,0,11,2,5,2,5,2,1,1
4,181,0,0,34,2265,0,0,28,0,11,4,1,3,1,2,1,1
0,0,7,1222,11,443,0,0,0,0,5,1,2,3,2,2,0,0
4,43,0,0,182,9951,0,0,8,0,11,2,2,1,2,2,0,1
0,0,0,0,2,32,0,0,0,0,5,1,1,1,3,2,0,0
4,131,0,0,10,285,0,0,0,0,12,3,2,4,3,2,0,0
2,32,0,0,16,230,0,0,0,0,5,2,2,2,1,2,1,0
2,229,0,0,31,1909,0,0,17,0,12,2,2,3,8,2,0,1
2,33,4,32,109,1759,0,0,48,0,10,4,1,3,6,2,0,1
0,0,0,0,15,865,0,0,57,0,5,2,2,1,4,2,0,0
0,0,0,0,3,11,0,0,0,0,6,2,2,1,4,2,0,0
4,70,1,30,27,1150,0,0,23,0,5,2,2,1,2,2,0,1
0,0,0,0,22,903,0,0,0,0,11,3,2,6,8,2,1,0
0,0,0,0,20,526,0,0,104,0,9,2,2,1,2,2,0,1
0,0,0,0,6,91,0,0,0,0,5,2,2,1,13,2,0,0
2,19,0,0,8,137,0,0,0,0,8,3,2,1,2,0,0,1
0,0,0,0,24,968,0,0,106,0,11,1,1,9,2,2,0,1
5,187,0,0,101,7220,0,0,3,0,11,2,2,7,3,2,0,1
4,99,1,103,40,2011,0,0,9,0,10,2,2,1,20,2,0,1
0,0,0,0,26,548,0,0,0,0,11,1,2,6,2,2,0,0
4,79,5,500,39,1080,0,0,20,0,11,2,5,1,2,2,0,1
0,0,0,0,14,199,0,0,17,0,9,2,2,2,4,0,0,1
4,102,0,0,59,1684,0,0,25,0,11,2,2,2,4,2,0,0
0,0,0,0,4,49,0,0,0,0,3,2,2,9,2,2,0,0
7,109,0,0,35,1136,0,0,46,0,11,3,2,3,3,2,0,1
9,210,3,143,167,8249,0,0,2,0,11,1,1,1,10,2,0,1
4,95,12,886,154,7838,0,0,0,0,11,3,2,6,2,2,1,0
2,29,0,0,36,1110,0,0,0,0,12,2,4,9,2,2,1,0
1,26,0,0,4,106,0,0,36,0,10,2,2,2,5,0,0,1
0,0,0,0,8,323,0,0,23,0,5,1,1,1,5,0,0,1
2,32,0,0,19,423,0,0,0,0,3,3,2,1,3,2,0,0
1,18,0,0,44,1310,0,0,0,0,10,2,2,1,13,2,0,0
0,0,1,25,15,412,0,0,29,0,5,2,4,1,4,0,0,1
0,0,0,0,2,65,0,0,0,0,7,2,2,9,13,2,1,0
9,230,0,0,66,2178,0,0,11,0,11,2,2,3,2,2,1,1
0,0,0,0,7,104,0,0,0,0,5,3,2,6,13,2,0,0
0,0,0,0,6,89,0,0,0,0,3,2,4,3,3,2,0,0
2,64,1,0,97,2696,0,0,5,0,11,2,2,1,13,2,0,1
0,0,1,68,58,1066,0,0,0,0,6,3,2,3,6,2,0,0
1,9,0,0,12,764,0,0,9,0,5,2,2,8,2,0,0,1
3,238,5,1488,104,3275,0,0,1,0,11,1,1,3,10,2,0,1
0,0,0,0,7,444,0,0,59,0,12,1,1,2,8,0,1,1
4,64,1,13,27,1433,0,0,3,0,3,1,4,1,8,0,0,1
0,0,0,0,16,2337,0,0,17,0,3,2,2,1,1,2,0,1
2,35,0,0,27,785,0,0,0,0,7,2,2,4,13,2,1,0
1,55,1,18,19,444,0,0,21,0,11,2,5,1,10,0,0,1
0,0,0,0,9,71,0,0,0,1,5,2,4,2,3,2,1,0
8,235,2,138,71,2512,0,0,0,0,11,3,2,1,2,2,1,1
0,0,0,0,7,61,0,0,0,0,5,1,2,1,2,2,1,0
0,0,0,0,37,987,0,0,40,0,5,2,10,3,4,2,0,1
1,18,0,0,44,725,0,0,24,0,6,2,2,4,13,2,0,1
0,0,1,55,9,936,0,0,53,0,3,1,1,1,2,2,1,1
6,115,0,0,30,1076,0,0,10,0,11,2,2,4,3,2,1,1
4,35,2,9,43,2797,0,0,0,0,5,2,2,7,2,2,1,0
4,227,3,432,56,4895,0,0,5,0,11,2,4,3,1,2,0,0
9,199,0,0,38,1342,0,0,22,0,11,2,2,2,2,2,1,1
4,153,0,0,17,670,0,0,0,0,12,2,2,1,2,0,0,0
0,0,0,0,22,348,0,0,0,0,11,2,2,1,1,2,1,1
4,600,0,0,17,1883,0,0,0,0,3,2,2,1,8,2,0,1
1,31,0,0,31,1470,0,0,0,0,11,3,2,3,8,0,0,1
0,0,0,0,22,370,0,0,0,0,5,2,2,4,13,2,0,0
0,0,0,0,24,610,0,0,0,0,11,1,1,3,2,2,1,1
0,0,0,0,12,167,0,0,0,0,3,3,2,1,3,2,1,0
3,65,2,16,23,599,0,0,5,0,5,1,8,2,11,2,1,1
0,0,4,14,8,284,0,0,0,0,11,3,2,7,2,2,0,1
11,88,1,0,81,3230,0,0,15,0,11,1,1,7,2,2,0,1
0,0,1,105,17,526,0,0,0,0,6,3,2,6,13,2,0,0
3,77,0,0,3,8,0,0,0,0,6,2,2,6,2,2,0,0
2,95,0,0,83,4052,0,0,19,0,9,2,2,4,3,2,0,1
13,654,8,604,160,5349,0,0,17,0,3,2,2,1,2,2,1,1
0,0,0,0,38,1326,0,0,0,0,11,1,1,1,2,2,0,0
6,61,0,0,18,397,0,0,12,0,5,2,2,1,4,2,0,1
1,15,0,0,18,343,0,0,38,0,12,2,13,9,20,0,0,1
0,0,0,0,16,79,0,0,0,0,5,2,2,2,4,2,1,0
0,0,0,0,36,472,0,0,0,0,5,3,2,7,13,2,0,0
0,0,0,0,4,219,0,0,0,0,5,1,2,2,2,2,0,0
2,15,0,0,38,1880,0,0,12,0,5,4,1,1,4,2,1,1
4,73,0,0,17,478,0,0,0,0,3,1,1,3,2,2,0,0
1,0,0,0,3,321,0,0,0,0,3,3,2,2,1,2,0,0
15,572,2,37,318,13717,0,0,45,0,11,2,2,1,2,2,0,1
0,0,0,0,7,379,0,0,0,0,3,3,2,8,1,2,0,0
0,0,0,0,13,517,0,0,4,0,11,2,2,1,20,2,1,1
0,0,0,0,3,428,0,0,0,0,11,1,1,3,8,2,0,1
1,0,1,37,23,1146,0,0,72,0,5,2,4,1,4,2,1,1
9,183,1,90,95,3346,0,0,5,0,11,3,2,2,2,2,0,1
1,101,0,0,46,1687,0,0,18,0,5,2,2,3,4,2,0,0
3,13,0,0,7,79,0,0,0,0,3,2,2,1,8,0,1,0
1,32,0,0,4,73,0,0,0,0,11,2,2,1,2,0,0,0
1,17,0,0,17,665,0,0,51,0,5,2,2,4,2,0,0,1
1,51,2,176,37,1420,0,0,102,0,5,2,5,7,4,2,1,1
0,0,0,0,6,62,0,0,0,0,5,3,2,2,3,2,0,0
4,90,0,0,37,1873,0,0,0,0,5,2,2,5,2,0,0,0
2,37,0,0,24,1270,0,0,0,0,5,2,2,1,6,2,0,0
3,40,3,9,26,683,0,0,0,0,11,1,1,1,2,2,0,1
1,17,0,0,22,610,0,0,0,0,11,1,1,1,2,2,0,0
1,36,0,0,1,0,0,0,0,0,9,3,2,3,6,2,0,1
0,0,0,0,3,22,0,0,0,0,11,2,2,3,3,2,0,0
0,0,3,29,41,1652,0,0,0,0,5,2,2,4,4,2,1,0
13,331,5,128,202,8217,0,0,3,0,11,2,2,3,10,2,1,1
0,0,0,0,23,297,0,0,10,0,9,2,2,3,1,2,0,1
0,0,0,0,15,1074,0,0,0,0,3,3,2,1,1,2,0,0
5,123,2,13,37,3618,0,0,0,0,5,2,2,3,2,2,0,0
0,0,1,41,45,1754,0,0,7,0,5,3,2,3,6,2,1,0
1,22,0,0,26,982,0,0,0,0,5,2,2,1,1,0,1,0
3,36,2,763,9,163,0,0,0,0,12,8,2,1,2,0,0,1
5,43,0,0,32,3121,0,0,26,0,5,2,4,4,2,2,0,0
4,94,3,79,77,3719,0,0,14,0,11,3,2,3,3,2,0,1
0,0,0,0,56,3543,0,0,0,0,11,2,7,5,1,2,1,0
0,0,0,0,27,925,0,0,0,0,2,4,1,3,3,2,0,0
9,98,3,144,37,1630,0,0,0,0,11,3,2,7,3,2,0,1
0,0,0,0,7,314,0,0,0,0,3,2,2,3,1,2,0,0
0,0,0,0,4,21,0,0,0,0,5,2,2,1,3,2,0,0
0,0,0,0,10,351,0,0,0,0,12,2,2,4,1,2,1,0
1,68,0,0,20,870,0,0,0,0,5,2,4,3,3,2,0,0
0,0,0,0,6,191,0,0,0,0,5,2,2,2,13,2,0,0
0,0,0,0,14,310,0,0,0,0,5,2,4,1,3,2,0,0
3,130,1,21,8,314,0,0,0,0,6,2,2,5,2,0,0,1
0,0,0,0,1,8,0,0,0,0,9,2,2,2,1,2,0,0
8,656,1,9,39,1390,0,0,63,0,5,2,5,3,2,0,0,1
0,0,1,1729,19,1401,0,0,0,0,12,2,2,1,3,2,0,0
9,848,4,388,33,595,0,0,0,0,3,2,2,1,10,0,0,0
7,228,0,0,39,968,0,0,7,0,11,3,2,1,1,2,0,0
7,153,0,0,19,504,0,0,0,0,12,1,1,1,8,2,0,1
0,0,0,0,9,980,0,0,78,0,9,2,2,5,2,0,0,1
0,0,0,0,24,1151,0,0,44,0,11,2,2,3,8,0,1,1
1,0,2,11,50,1799,0,0,0,0,12,1,1,1,3,2,0,0
0,0,0,0,48,1607,0,0,5,0,12,1,1,1,2,2,1,1
7,199,0,0,27,669,0,0,0,0,8,2,5,1,2,0,1,0
4,158,1,9,9,634,0,0,0,0,3,3,2,1,1,2,1,0
0,0,0,0,14,803,0,0,0,0,5,2,5,3,3,2,0,0
3,120,0,0,5,198,0,0,0,0,5,3,3,4,2,0,1,0
4,391,0,0,24,1015,0,0,61,0,8,2,2,3,2,0,0,1
6,79,0,0,25,434,0,0,0,0,5,2,2,1,2,0,1,0
0,0,1,0,26,668,0,0,0,0,11,2,2,3,1,2,0,0
2,270,3,228,13,2451,0,0,42,0,11,2,2,4,2,2,0,1
2,25,0,0,13,908,0,0,19,0,5,3,2,4,1,2,1,1
3,224,2,42,132,5098,0,0,2,0,11,1,2,1,2,2,0,1
0,0,2,6,1,25,0,0,0,1,5,3,2,1,2,2,1,0
5,109,1,37,24,1067,0,0,64,0,5,1,1,4,3,2,0,0
0,0,1,212,21,1198,0,0,0,0,3,2,4,7,2,2,0,0
0,0,0,0,50,1085,0,0,0,0,10,1,1,1,4,2,0,0
0,0,0,0,1,0,0,0,0,0,11,4,1,1,3,2,0,0
1,0,0,0,8,192,0,0,0,0,3,1,1,9,9,2,1,0
0,0,0,0,16,213,0,0,0,0,8,2,2,1,4,2,0,1
1,2,0,0,143,5149,0,0,0,0,11,2,2,1,1,2,1,0
3,51,3,89,6,154,0,0,0,0,5,1,1,7,3,2,0,0
0,0,0,0,1,0,0,0,0,0,5,2,2,4,1,2,0,0
3,84,0,0,346,12541,0,0,5,0,8,2,2,3,1,2,1,1
1,15,1,43,13,94,0,0,21,0,7,2,2,3,1,2,0,0
0,0,0,0,16,355,0,0,11,0,5,3,2,1,3,0,0,1
0,0,0,0,2,0,0,0,0,0,5,3,2,4,3,2,0,0
2,49,0,0,45,1526,0,0,117,0,9,2,2,3,2,2,1,1
7,32,3,189,224,6095,0,0,10,0,11,1,2,1,2,2,0,1
0,0,0,0,5,185,0,0,0,0,11,3,2,7,6,0,1,0
1,57,0,0,23,914,0,0,23,0,12,4,5,1,8,0,1,1
4,56,0,0,8,202,0,0,0,0,3,3,2,1,8,0,1,0
0,0,0,0,10,455,0,0,25,0,12,1,1,2,2,0,0,1
8,377,3,265,60,2062,0,0,1,0,3,1,1,4,2,2,0,1
0,0,0,0,13,597,0,0,0,0,11,3,2,1,8,2,0,1
1,6,0,0,14,1183,0,0,17,0,11,2,2,6,10,0,1,1
4,85,0,0,19,599,0,0,0,0,5,2,2,1,2,2,0,0
4,75,0,0,16,252,0,0,0,0,5,2,2,4,4,0,1,0
1,8,3,181,124,4722,0,0,24,0,11,1,1,1,3,2,0,1
2,21,0,0,65,2881,0,0,80,0,3,2,2,4,2,0,0,1
0,0,0,0,55,1023,0,0,45,0,8,2,2,1,4,2,0,1
5,217,0,0,18,494,0,0,33,0,3,3,2,1,2,2,0,1
0,0,1,426,10,157,0,0,32,0,7,2,2,3,2,2,0,1
0,0,0,0,3,18,0,0,0,0,11,3,2,2,13,2,0,0
1,54,0,0,26,449,0,0,0,0,12,4,2,3,2,2,0,0
1,12,0,0,29,919,0,0,7,0,8,2,5,4,2,2,0,1
0,0,0,0,68,3357,0,0,0,1,5,3,2,6,2,2,1,0
1,86,0,0,14,349,0,0,60,0,11,1,1,1,3,0,0,1
0,0,0,0,7,259,0,0,0,0,11,2,2,8,2,2,0,0
0,0,0,0,3,0,0,0,0,0,5,3,2,1,4,2,0,0
7,1474,2,11,129,5293,0,0,2,0,5,2,2,3,1,2,0,0
0,0,0,0,33,1324,0,0,0,0,5,2,2,1,4,2,0,0
0,0,0,0,15,1233,0,0,0,0,5,1,1,1,1,2,0,0
0,0,0,0,3,408,0,0,0,0,11,2,2,4,3,2,0,0
4,32,0,0,13,704,0,0,76,0,12,2,2,1,2,2,0,1
4,97,0,0,5,454,0,0,0,0,12,2,2,7,2,0,0,0
2,97,0,0,23,418,0,0,0,0,5,1,1,1,2,2,0,0
0,0,0,0,10,627,0,0,0,0,2,3,3,1,4,2,1,0
2,683,0,0,16,1215,0,0,30,0,5,2,2,1,4,0,0,1
2,65,0,0,11,263,0,0,46,0,11,2,2,1,2,2,0,1
0,0,3,96,76,1966,0,0,0,0,12,3,2,1,2,2,0,1
13,1230,7,286,68,3147,0,0,1,0,12,1,1,1,2,2,0,1
0,0,0,0,19,429,0,0,0,0,3,2,4,1,3,2,1,0
6,123,0,0,12,189,0,0,0,0,12,3,12,3,1,0,0,0
0,0,0,0,41,3389,0,0,0,0,9,2,4,3,1,2,0,0
0,0,0,0,2,11,0,0,0,0,5,3,2,3,2,2,0,0
1,17,4,32,11,948,0,0,25,0,5,2,2,1,6,2,0,1
1,17,0,0,11,394,0,0,0,0,11,2,2,4,13,2,0,0
4,93,0,0,70,2161,0,0,0,0,11,1,1,1,2,2,0,1
2,41,0,0,36,595,0,0,0,0,11,4,2,2,4,2,0,0
4,45,1,0,13,94,0,0,0,0,7,3,2,2,4,2,0,1
8,395,4,182,46,1461,0,0,13,0,11,1,1,3,3,2,1,1
0,0,0,0,16,819,0,0,24,0,5,2,2,5,2,0,0,1
0,0,0,0,128,2787,0,0,0,0,7,2,4,4,1,2,0,0
0,0,0,0,28,1107,0,0,226,0,12,8,13,9,20,1,0,1
0,0,0,0,7,99,0,0,0,0,12,8,2,1,2,0,1,0
2,6,0,0,9,89,0,0,0,0,9,1,1,4,4,2,1,1
0,0,0,0,23,836,0,0,0,0,11,3,2,3,2,2,0,0
4,58,0,0,31,806,0,0,9,0,5,2,4,1,4,2,0,1
7,634,3,89,54,2864,0,0,7,0,11,3,2,3,1,2,0,0
0,0,0,0,2,0,0,0,0,0,12,2,2,3,1,2,0,0
0,0,0,0,6,111,0,0,24,0,10,1,2,3,2,2,1,1
9,211,1,52,22,501,0,0,0,0,8,1,2,1,4,2,1,1
6,754,0,0,8,749,0,0,0,0,11,3,2,3,1,2,0,0
3,27,1,0,45,3141,0,0,6,1,5,3,2,1,3,2,1,1
0,0,0,0,31,641,0,0,60,0,9,1,1,4,2,0,0,1
5,91,0,0,14,187,0,0,0,0,12,1,1,3,3,2,0,0
4,178,2,209,17,2777,0,0,0,0,3,3,2,7,1,2,0,0
0,0,0,0,1,0,0,0,0,0,10,2,5,1,20,2,0,1
0,0,0,0,118,3211,0,0,3,0,11,2,2,9,2,2,1,1
1,22,0,0,1,0,0,0,0,0,12,1,1,1,8,0,0,1
3,155,1,0,62,2038,0,0,17,0,11,2,4,1,10,2,1,0
0,0,0,0,63,5220,0,0,51,0,3,2,5,3,1,2,1,1
3,62,0,0,23,1046,0,0,17,0,5,2,2,7,1,2,1,1
8,101,4,161,52,591,0,0,8,0,7,2,2,3,3,2,0,0
3,126,0,0,36,576,0,0,0,0,12,1,1,4,3,2,0,0
0,0,0,0,43,1606,0,0,18,0,6,4,1,1,2,0,0,1
4,162,3,75,4,158,0,0,0,0,3,2,4,1,10,2,0,0
0,0,0,0,8,607,0,0,0,0,3,1,1,1,3,2,0,0
0,0,0,0,1,0,0,0,0,0,12,3,2,4,11,2,1,0
2,90,0,0,3,202,0,0,0,0,5,3,2,7,2,2,0,0
2,115,5,151,21,2080,0,0,20,0,5,1,1,1,2,2,0,0
0,0,0,0,32,348,0,0,0,0,12,2,2,1,6,2,0,0
1,4,1,0,22,360,0,0,1,0,10,2,2,1,2,2,0,1
1,13,0,0,32,855,0,0,22,0,11,2,2,2,6,2,0,1
3,52,0,0,139,3674,0,0,17,0,11,2,2,2,10,2,0,1
0,0,0,0,3,8,0,0,0,0,3,2,2,6,1,2,0,0
8,139,8,353,45,2003,0,0,5,0,3,2,2,4,2,2,0,1
3,308,0,0,54,1306,0,0,0,0,3,2,2,4,1,2,0,0
2,34,0,0,17,491,0,0,0,0,12,1,1,3,2,0,0,0
0,0,0,0,9,521,0,0,0,0,12,3,2,3,11,0,0,0
5,147,0,0,44,670,0,0,0,0,5,2,2,4,3,2,0,0
0,0,0,0,4,76,0,0,0,0,11,1,1,8,2,0,0,1
0,0,0,0,3,36,0,0,0,0,6,3,2,1,13,2,0,0
5,42,0,0,232,5932,0,0,0,0,11,2,2,1,2,2,0,1
0,0,0,0,2,19,0,0,0,0,5,2,2,8,2,2,0,0
0,0,0,0,9,38,0,0,0,0,11,3,2,1,13,2,0,0
0,0,0,0,7,295,0,0,0,0,11,2,4,1,2,2,0,1
2,24,0,0,28,1206,0,0,5,0,3,2,2,1,2,2,0,1
9,311,0,0,40,633,0,0,0,0,3,2,2,1,3,2,0,0
5,74,3,43,67,1207,0,0,0,0,8,2,2,6,1,2,0,0
8,2086,1,46,81,5546,0,0,15,0,11,2,2,1,2,2,0,1
2,73,0,0,17,864,0,0,27,0,9,3,2,4,1,2,0,1
0,0,0,0,9,1040,0,0,0,0,3,2,4,3,1,2,0,0
10,1271,0,0,41,1221,0,0,71,0,5,2,2,2,4,2,0,1
0,0,0,0,11,272,0,0,0,0,5,2,2,4,4,2,0,0
0,0,0,0,11,660,0,0,33,0,6,2,2,6,1,0,0,1
11,233,0,0,118,4251,0,0,14,0,11,2,2,1,2,2,0,1
1,13,5,425,116,2633,0,0,0,0,11,2,2,1,2,2,0,1
8,236,0,0,20,411,0,0,17,0,5,3,2,3,3,2,1,1
3,84,0,0,27,655,0,0,0,0,3,2,2,2,1,2,0,0
10,821,1,0,55,2400,0,0,0,0,11,2,2,2,1,2,0,0
0,0,0,0,7,432,0,0,270,0,11,2,4,1,8,0,0,1
6,72,4,343,157,4461,0,0,31,0,12,2,4,3,2,2,0,1
3,52,0,0,25,324,0,0,0,0,9,2,2,1,5,2,0,0
1,56,0,0,17,831,0,0,0,0,5,3,2,4,3,2,0,0
1,0,0,0,23,579,0,0,0,0,9,2,2,2,2,0,0,0
3,189,1,32,26,1517,0,0,34,0,5,2,2,7,1,0,0,1
9,296,1,26,79,5057,0,0,17,0,11,2,2,1,10,2,0,1
0,0,0,0,145,4108,0,0,0,0,11,2,2,4,2,2,0,1
1,80,0,0,21,479,0,0,10,0,10,1,1,3,2,2,1,1
0,0,0,0,1,0,0,0,0,0,3,3,2,3,3,2,0,0
0,0,0,0,15,428,0,0,89,0,11,1,8,3,6,2,1,1
1,21,1,61,49,1647,0,0,144,0,3,2,2,7,2,2,1,1
4,120,4,64,52,1859,0,0,17,0,5,2,2,2,13,2,0,1
2,38,0,0,14,643,0,0,35,0,3,2,2,5,1,2,0,1
2,53,4,184,8,612,0,0,0,0,12,1,1,1,2,2,1,0
0,0,0,0,21,685,0,0,0,0,11,1,1,8,1,2,1,1
6,171,0,0,28,952,0,0,52,0,3,2,2,1,2,2,0,1
7,154,3,248,34,886,0,0,77,0,12,2,2,1,2,0,0,1
3,53,2,7,24,678,0,0,20,0,5,2,5,3,2,2,0,1
0,0,1,28,19,1120,0,0,11,0,5,4,1,6,4,2,1,1
0,0,0,0,6,63,0,0,0,0,5,2,2,4,4,2,0,0
0,0,1,44,14,549,0,0,43,0,5,2,4,1,2,0,0,1
1,0,2,10,69,1310,0,0,0,0,11,2,3,1,3,2,1,0
0,0,0,0,15,296,0,0,0,0,3,2,5,2,3,2,0,0
0,0,0,0,3,62,0,0,0,0,3,2,2,1,1,2,0,0
2,90,0,0,19,921,0,0,55,0,11,3,2,3,8,2,0,1
4,94,0,0,22,812,0,0,18,0,7,3,2,2,4,2,0,1
0,0,0,0,10,450,0,0,0,0,5,3,2,1,13,2,0,0
2,9,1,0,106,6617,0,0,1,0,11,3,2,1,1,2,1,1
11,494,0,0,33,2070,0,0,9,0,11,2,5,1,3,2,0,1
0,0,0,0,20,1395,0,0,0,0,3,1,1,1,9,0,1,0
3,15,0,0,11,246,0,0,0,0,3,2,2,1,8,2,0,0
1,7,0,0,7,151,0,0,50,0,5,2,2,1,1,2,0,1
2,110,0,0,6,85,0,0,59,0,8,1,1,1,4,2,0,1
0,0,0,0,2,0,0,0,0,0,5,2,6,1,3,2,0,0
1,14,0,0,30,1845,0,0,12,0,5,3,2,3,1,2,0,0
8,340,0,0,26,1076,0,0,11,0,12,1,1,1,8,0,1,0
1,96,0,0,23,1605,0,0,54,0,12,2,2,2,10,2,0,1
1,9,0,0,111,2451,0,0,2,0,5,2,2,8,3,2,0,1
8,108,0,0,21,780,0,0,25,0,11,2,5,1,3,0,0,1
0,0,0,0,14,363,0,0,0,0,3,1,1,1,3,2,0,0
2,157,0,0,5,85,0,0,0,0,12,2,4,6,2,0,0,1
4,30,0,0,47,1477,0,0,0,0,11,1,5,1,2,2,0,0
4,359,4,407,69,5485,0,0,4,0,3,1,1,2,1,2,1,1
2,13,0,0,13,477,0,0,0,0,12,2,5,1,1,2,0,0
0,0,0,0,1,0,0,0,0,0,11,2,2,7,8,0,0,0
9,188,0,0,199,7750,0,0,3,0,11,3,2,4,13,2,0,1
10,137,1,32,145,6165,0,0,0,0,11,2,2,6,2,2,0,1
0,0,0,0,9,464,0,0,29,0,5,2,2,1,2,2,0,1
1,67,1,0,11,816,0,0,0,0,12,1,1,6,2,0,0,0
0,0,4,117,96,5286,0,0,0,0,11,2,2,1,1,2,1,0
7,187,0,0,36,1775,0,0,4,0,3,1,1,1,10,2,0,1
0,0,0,0,11,315,0,0,0,0,3,1,1,6,3,2,1,0
2,338,0,0,17,1205,0,0,19,0,5,3,2,2,2,2,0,1
0,0,0,0,100,5212,0,0,8,0,11,2,2,7,2,2,1,1
0,0,0,0,2,14,0,0,0,0,5,3,2,3,1,2,0,0
3,40,0,0,24,3830,0,0,0,0,11,1,1,7,8,0,0,1
7,51,2,280,149,7569,0,0,11,0,11,2,2,2,2,2,0,1
0,0,0,0,8,170,0,0,37,0,8,2,5,1,5,0,0,1
4,110,0,0,28,1203,0,0,0,0,11,2,2,5,2,0,1,0
3,13,0,0,26,2058,0,0,8,1,5,2,2,1,3,2,1,1
5,87,0,0,38,842,0,0,52,0,10,1,1,1,2,2,1,1
0,0,0,0,14,684,0,0,0,0,11,2,2,9,2,2,0,0
1,150,1,31,7,93,0,0,0,0,10,1,2,3,2,0,1,0
1,15,2,62,84,4941,0,0,0,0,9,1,8,6,1,2,0,0
3,68,0,0,72,1781,0,0,0,0,11,1,1,1,8,2,1,0
3,87,0,0,27,798,0,0,22,0,2,2,2,3,1,2,0,1
8,98,0,0,16,156,0,0,0,0,10,2,2,3,1,2,0,0
3,83,4,220,106,2974,0,0,19,0,11,2,2,7,2,2,0,1
2,94,1,4,264,8584,0,0,0,0,11,2,2,1,2,2,0,1
8,205,0,0,155,4502,0,0,3,0,11,2,2,1,6,2,0,1
1,23,0,0,27,1061,0,0,43,0,8,2,2,6,5,2,0,1
0,0,0,0,140,4096,0,0,0,0,11,2,5,7,1,2,0,0
0,0,0,0,48,755,0,0,13,0,12,2,2,4,10,2,0,1
4,61,0,0,33,1804,0,0,41,0,11,2,2,2,2,2,0,1
0,0,0,0,3,138,0,0,0,0,2,1,1,1,3,2,0,0
0,0,0,0,34,538,0,0,5,0,9,2,2,7,2,2,0,1
17,195,1,60,94,2267,0,0,4,0,11,3,2,3,2,2,0,1
0,0,0,0,24,648,0,0,0,0,5,2,2,3,1,2,0,0
3,24,0,0,2,74,0,0,0,0,11,2,2,3,2,0,0,1
13,611,7,393,34,1352,0,0,5,0,5,2,2,6,2,2,0,0
0,0,0,0,54,4749,0,0,8,0,10,2,2,8,1,2,1,1
11,298,4,138,397,11940,0,0,9,0,11,1,1,3,3,2,1,1
0,0,0,0,47,2493,0,0,0,0,12,2,4,9,1,2,0,1
