0,0,2,236,66,1483,0,0,143,0,5,2,4,3,3,2,1,1
2,36,0,0,47,1073,0,0,0,0,11,1,1,1,3,2,1,0
10,187,5,495,122,2743,0,0,1,0,11,2,2,1,2,2,0,1
1,26,1,58,24,760,0,0,33,0,11,2,2,1,2,2,0,1
4,68,0,0,14,617,0,0,9,0,9,1,1,6,5,0,0,1
8,182,6,291,35,1373,0,0,14,0,3,2,2,6,2,2,0,0
3,509,0,0,19,976,0,0,23,0,5,1,1,1,2,2,1,1
3,94,2,125,55,1970,0,0,96,0,3,2,4,1,2,0,1,1
0,0,1,0,6,504,0,0,0,0,11,2,2,3,8,2,1,0
1,76,2,23,46,4598,0,0,10,0,7,2,2,1,1,2,0,1
3,31,1,42,13,134,0,0,0,0,11,2,2,6,2,0,0,0
0,0,5,161,60,2789,0,0,31,0,5,2,2,6,2,2,0,1
3,39,1,414,88,4937,0,0,25,0,11,2,1,1,2,2,0,1
0,0,0,0,1,0,0,0,0,0,5,2,2,1,3,2,0,0
4,26,0,0,235,10046,0,0,0,0,11,2,2,1,2,2,0,1
0,0,0,0,13,253,0,0,0,0,5,2,2,5,3,2,0,0
0,0,0,0,4,288,0,0,0,0,8,1,1,4,2,2,0,0
1,3,0,0,11,271,0,0,0,0,3,4,1,3,2,2,1,0
1,0,0,0,65,732,0,0,2,0,12,2,2,1,2,2,1,1
1,10,0,0,10,256,0,0,46,0,8,1,1,2,2,0,1,1
21,1079,4,176,67,2162,0,0,0,0,11,3,2,1,11,2,1,0
0,0,0,0,20,1002,0,0,47,0,10,2,2,4,2,2,1,1
1,57,3,59,15,553,0,0,0,0,5,2,2,1,1,2,1,0
4,69,1,23,161,6524,0,0,45,0,11,2,2,3,2,2,0,1
4,89,1,47,39,1167,0,0,33,0,5,4,1,3,3,2,0,1
11,268,2,71,49,1758,0,0,0,0,9,2,5,4,1,2,0,1
12,159,0,0,121,3648,0,0,3,0,11,2,2,5,7,2,0,0
5,65,2,34,17,1302,0,0,0,0,3,1,1,1,10,2,0,0
9,546,0,0,28,1561,0,0,3,0,3,2,2,7,10,2,0,1
1,7,4,103,99,3517,0,0,0,0,11,2,2,1,8,2,0,1
13,219,0,0,79,1828,0,0,5,0,10,2,2,6,2,2,0,0
0,0,0,0,1,487,0,0,0,0,11,1,1,4,10,2,1,0
7,99,5,466,28,839,0,0,0,0,11,2,2,3,1,2,0,1
0,0,3,341,59,2946,0,0,9,0,5,1,1,6,2,2,1,1
0,0,0,0,12,402,0,0,0,0,10,2,2,3,4,2,0,0
8,293,0,0,12,399,0,0,37,0,11,4,1,3,3,2,0,1
3,52,0,0,56,2145,0,0,13,0,5,2,2,1,14,2,0,1
5,166,1,0,38,1869,0,0,0,0,12,2,4,8,2,0,0,1
0,0,0,0,18,920,0,0,0,1,5,3,2,7,4,2,1,0
2,208,1,50,30,1461,0,0,0,0,3,2,5,1,3,2,0,0
4,28,0,0,12,243,0,0,8,0,6,3,2,4,2,2,1,1
5,85,0,0,30,2188,0,0,45,0,11,2,2,2,8,0,1,1
0,0,0,0,8,251,0,0,0,0,10,1,1,1,2,0,0,0
4,143,1,20,10,386,0,0,64,0,3,1,1,7,8,2,0,1
1,5,0,0,37,2235,0,0,50,0,11,2,5,7,10,2,0,1
0,0,0,0,4,88,0,0,0,0,2,4,1,1,3,2,0,0
3,54,4,32,4,46,0,0,0,0,9,1,1,1,5,0,0,0
4,226,0,0,81,4836,0,0,5,0,11,2,2,1,2,2,0,1
10,491,0,0,48,1939,0,0,0,0,11,2,2,7,20,2,0,1
4,104,0,0,8,243,0,0,0,0,12,2,2,3,2,0,0,0
2,58,0,0,54,3708,0,0,11,0,9,4,2,9,13,2,0,1
0,0,0,0,17,284,0,0,0,0,2,3,2,6,2,2,1,0
2,21,0,0,34,2600,0,0,9,0,3,1,1,1,3,2,0,0
6,218,0,0,35,1760,0,0,16,0,11,2,2,3,2,2,0,1
2,100,0,0,22,639,0,0,101,0,5,1,1,1,4,2,1,1
5,66,0,0,39,742,0,0,71,0,12,2,2,4,3,2,0,1
2,32,0,0,7,164,0,0,0,0,5,2,2,1,4,2,0,0
12,264,2,11,24,1032,0,0,0,0,12,1,1,9,1,2,1,0
0,0,0,0,2,27,0,0,0,0,11,2,2,1,1,2,1,0
0,0,0,0,4,103,0,0,0,0,7,1,1,1,1,2,0,0
0,0,0,0,11,225,0,0,0,0,11,2,5,4,11,2,0,0
0,0,0,0,103,3357,0,0,0,0,9,2,2,4,1,2,0,0
2,11,0,0,132,4424,0,0,14,0,11,2,2,4,1,2,0,1
7,301,6,336,42,1981,0,0,13,0,3,1,1,2,2,2,1,1
0,0,0,0,1,0,0,0,0,0,7,1,1,4,4,2,0,0
2,102,3,60,22,1034,0,0,16,0,3,1,1,4,2,2,0,1
0,0,2,193,102,3085,0,0,0,0,11,2,2,3,2,2,1,1
1,29,0,0,41,1119,0,0,0,0,11,3,2,1,2,2,0,0
5,46,0,0,133,2248,0,0,6,0,7,1,1,1,4,2,0,1
3,430,1,262,49,2338,0,0,9,0,5,3,2,4,4,2,0,1
0,0,0,0,1,0,0,0,0,0,12,2,2,4,8,0,0,0
0,0,1,0,48,1062,0,0,0,0,9,1,1,4,2,2,0,0
10,790,0,0,54,2702,0,0,0,0,11,2,2,1,10,2,0,1
4,54,0,0,68,2889,0,0,0,0,6,4,1,4,1,2,0,0
0,0,0,0,6,202,0,0,0,0,5,2,2,6,4,2,0,0
1,82,0,0,28,1375,0,0,4,0,10,4,1,3,20,2,0,1
2,74,0,0,42,1481,0,0,44,0,10,2,2,7,2,0,1,1
1,34,0,0,10,277,0,0,0,0,12,1,1,8,8,0,1,0
1,53,0,0,10,1331,0,0,49,0,5,2,2,1,4,2,1,1
0,0,1,0,124,4093,0,0,0,0,5,2,2,8,13,2,0,0
0,0,0,0,19,801,0,0,0,1,5,1,1,1,2,2,1,0
0,0,0,0,27,1009,0,0,0,0,11,2,2,1,2,0,1,1
0,0,0,0,7,64,0,0,0,0,3,2,2,1,3,2,0,0
3,94,0,0,1,4,0,0,0,0,7,2,2,1,2,0,0,0
4,40,0,0,32,593,0,0,0,0,5,3,2,6,3,2,0,0
0,0,0,0,16,316,0,0,0,0,11,1,8,9,2,2,0,0
0,0,1,78,108,8402,0,0,0,0,11,3,2,2,13,2,0,0
0,0,0,0,2,8,0,0,0,0,3,2,4,2,1,2,0,0
16,485,2,19,42,753,0,0,31,0,11,2,2,1,8,2,0,1
0,0,0,0,32,999,0,0,9,0,3,1,1,1,1,2,0,1
0,0,0,0,1,0,0,0,0,0,12,1,2,1,1,2,0,0
5,72,0,0,31,649,0,0,35,0,3,2,7,2,2,2,1,1
3,109,0,0,31,3116,0,0,0,0,12,3,2,1,10,2,0,1
9,329,1,75,32,1888,0,0,24,0,5,1,1,9,4,2,1,1
0,0,0,0,9,436,0,0,0,0,11,2,2,3,2,2,0,0
8,466,5,81,25,1220,0,0,0,0,8,3,2,3,2,2,1,0
4,38,3,909,23,542,0,0,25,0,5,2,6,1,2,2,0,1
0,0,0,0,7,244,0,0,0,0,12,2,2,1,13,2,0,0
0,0,0,0,79,3129,0,0,0,0,5,3,2,3,3,2,0,0
5,131,3,27,21,893,0,0,7,0,5,3,2,3,4,2,1,1
3,203,0,0,28,2394,0,0,0,0,5,2,2,7,1,2,0,0
7,172,2,52,226,12900,0,0,44,0,11,2,2,1,2,2,0,1
5,96,0,0,26,1222,0,0,42,0,5,2,2,1,1,2,0,1
0,0,0,0,21,464,0,0,0,0,5,2,2,3,2,2,0,0
0,0,0,0,30,1224,0,0,21,0,3,2,4,2,2,0,0,1
0,0,0,0,29,1137,0,0,22,0,5,1,8,1,11,2,1,1
0,0,0,0,39,1294,0,0,0,0,11,3,2,1,20,2,1,0
2,22,0,0,27,2958,0,0,7,0,11,2,2,6,2,2,0,1
2,26,0,0,20,819,0,0,0,0,5,2,2,1,2,2,1,0
3,107,0,0,45,2502,0,0,9,0,3,2,4,1,2,0,1,0
2,75,0,0,29,1279,0,0,35,0,11,2,2,3,11,2,0,1
7,184,4,277,70,3993,0,0,32,0,11,3,2,1,2,2,1,1
0,0,0,0,57,2167,0,0,12,0,11,3,2,3,1,2,1,1
5,72,10,208,27,1091,0,0,0,0,9,2,2,1,2,2,0,1
0,0,0,0,6,95,0,0,86,0,10,1,1,4,2,0,0,1
4,459,4,199,94,6186,0,0,3,0,7,3,2,8,13,2,0,0
3,250,2,270,20,1424,0,0,31,0,11,2,2,5,5,0,0,1
0,0,5,497,26,851,0,0,0,0,11,2,2,1,2,0,1,0
0,0,0,0,2,61,0,0,0,0,5,3,2,3,15,2,0,0
2,134,0,0,15,284,0,0,0,0,11,2,4,8,2,0,0,0
2,76,0,0,28,488,0,0,45,0,6,1,2,1,1,2,1,1
0,0,0,0,13,687,0,0,0,0,5,2,2,4,6,2,0,0
5,136,1,13,85,2155,0,0,3,0,11,1,1,1,2,2,1,1
1,145,0,0,26,1258,0,0,0,0,11,1,1,9,2,2,0,0
0,0,0,0,2,0,0,0,0,0,3,1,2,1,1,2,0,0
3,68,0,0,39,1263,0,0,14,0,11,3,2,1,2,2,0,1
1,76,0,0,19,1263,0,0,60,0,5,2,2,1,3,2,0,1
0,0,0,0,6,50,0,0,0,0,5,2,4,3,3,2,0,0
4,149,0,0,27,1212,0,0,14,0,3,2,2,7,2,2,0,1
0,0,0,0,26,710,0,0,0,0,8,3,3,4,4,2,0,0
1,29,0,0,29,569,0,0,12,0,5,2,2,3,2,2,0,1
0,0,0,0,35,1386,0,0,14,0,5,1,8,4,20,2,1,1
2,59,1,20,96,5604,0,0,5,0,5,2,7,1,6,2,0,1
2,30,2,33,162,3753,0,0,77,0,11,2,2,1,8,0,0,1
7,268,0,0,41,1124,0,0,0,0,11,2,2,9,2,2,0,1
4,76,0,0,141,3274,0,0,6,0,12,2,2,1,1,2,0,0
0,0,0,0,8,642,0,0,109,0,12,2,2,3,2,0,0,1
7,42,0,0,23,502,0,0,0,0,11,2,5,3,3,2,1,0
2,113,0,0,37,1344,0,0,11,0,12,2,2,3,2,0,0,1
0,0,0,0,53,2052,0,0,52,0,11,2,4,2,2,0,1,1
0,0,2,75,109,4008,0,0,0,0,11,2,2,1,2,2,0,1
1,46,0,0,14,398,0,0,116,0,12,8,13,9,20,1,0,1
6,888,0,0,39,1570,0,0,16,0,12,1,1,3,2,2,1,0
3,152,5,243,43,3065,0,0,3,0,3,1,2,1,1,2,1,1
5,76,0,0,20,535,0,0,0,0,12,1,1,1,3,2,1,0
13,456,3,72,39,976,0,0,39,0,3,1,1,1,1,2,1,1
0,0,0,0,2,55,0,0,0,0,5,3,2,1,13,2,0,0
0,0,0,0,16,2515,0,0,0,0,5,3,2,2,3,2,0,0
0,0,0,0,36,1083,0,0,0,0,6,1,1,3,2,2,0,0
0,0,1,26,51,3540,0,0,2,0,5,1,1,3,1,2,0,1
2,6,0,0,38,876,0,0,6,0,10,3,2,1,1,2,0,1
2,60,0,0,44,3113,0,0,0,0,3,2,2,3,2,2,0,0
6,76,0,0,187,6338,0,0,2,0,11,2,4,1,2,2,0,0
0,0,0,0,56,2749,0,0,0,0,11,2,2,1,8,2,0,1
1,0,0,0,3,0,0,0,0,0,5,1,1,4,4,2,1,0
0,0,0,0,13,328,0,0,59,0,3,3,2,1,3,2,0,1
4,206,0,0,16,572,0,0,10,0,9,3,2,1,4,2,1,1
0,0,0,0,22,355,0,0,25,0,5,2,2,3,4,2,0,1
12,975,4,276,53,2822,0,0,0,0,9,3,2,8,2,2,1,0
0,0,0,0,104,3528,0,0,0,0,7,2,2,1,1,2,0,0
5,66,0,0,12,86,0,0,42,0,10,4,1,1,7,2,1,1
0,0,0,0,2,0,0,0,0,0,11,2,5,1,2,2,0,0
0,0,1,0,77,1266,0,0,0,0,12,2,2,1,2,2,0,0
2,11,0,0,14,249,0,0,0,0,11,4,2,1,3,2,0,1
0,0,0,0,29,594,0,0,0,0,5,2,2,3,2,2,0,0
12,483,1,0,5,161,0,0,0,0,12,1,1,3,2,2,1,0
1,7,1,97,53,2247,0,0,32,0,5,1,1,3,4,2,0,0
0,0,0,0,24,1268,0,0,0,0,3,4,1,3,2,2,1,0
0,0,0,0,22,464,0,0,0,0,11,2,2,1,8,0,0,0
5,76,2,0,36,1420,0,0,0,0,5,3,2,1,4,2,0,0
1,65,1,0,82,5316,0,0,77,0,11,1,1,9,3,2,1,1
0,0,0,0,2,69,0,0,0,0,5,3,2,3,3,2,0,0
3,80,1,54,11,314,0,0,0,0,11,3,2,2,13,2,0,0
8,268,0,0,71,2426,0,0,33,0,11,2,2,1,8,2,0,1
0,0,0,0,5,586,0,0,0,0,11,2,4,9,10,2,1,0
0,0,0,0,4,104,0,0,0,0,2,2,6,6,3,2,0,0
1,38,1,9,21,1290,0,0,86,0,11,2,2,9,2,0,0,1
2,298,0,0,48,1850,0,0,7,0,11,1,1,2,2,2,1,1
0,0,0,0,19,692,0,0,53,0,5,6,2,9,2,0,0,1
1,5,1,12,54,1470,0,0,0,0,3,3,2,4,2,2,0,0
0,0,0,0,5,147,0,0,0,0,12,2,2,2,8,2,0,0
12,569,0,0,127,6065,0,0,0,0,8,1,1,2,4,2,0,1
2,27,0,0,1,31,0,0,0,0,12,3,2,2,3,2,0,1
0,0,0,0,6,530,0,0,0,0,11,3,2,3,2,2,1,0
1,0,0,0,20,2270,0,0,10,0,3,2,2,3,6,2,0,1
0,0,0,0,1,0,0,0,0,0,11,2,2,6,2,2,0,0
0,0,0,0,2,0,0,0,0,0,3,3,2,1,10,2,0,0
4,59,0,0,9,139,0,0,0,0,3,3,2,1,2,2,0,0
0,0,0,0,10,208,0,0,125,0,12,2,2,1,2,0,0,1
4,129,3,62,43,1770,0,0,0,0,3,2,5,6,2,2,0,0
0,0,3,191,57,1315,0,0,0,0,11,3,2,3,2,2,1,1
0,0,0,0,20,333,0,0,0,0,11,2,2,7,1,2,0,0
4,1660,0,0,2,45,0,0,113,0,9,2,10,1,2,2,0,1
4,218,0,0,12,672,0,0,83,0,11,2,2,3,2,2,1,1
0,0,0,0,1,0,0,0,0,0,11,2,10,3,1,2,0,0
8,258,1,0,81,1878,0,0,0,0,11,2,2,1,2,2,0,0
7,133,4,46,26,1357,0,0,18,0,11,3,2,9,2,0,1,1
3,16,3,86,15,2773,0,0,78,0,12,2,2,1,2,2,0,1
4,738,0,0,21,664,0,0,0,0,5,2,2,1,2,2,1,0
4,194,0,0,12,182,0,0,0,0,10,1,1,6,2,2,0,0
0,0,0,0,21,476,0,0,0,0,11,3,2,1,2,2,1,0
0,0,0,0,6,203,0,0,0,0,5,1,1,3,4,2,0,0
0,0,1,6,71,1375,0,0,0,0,12,2,2,3,2,0,0,1
1,6,0,0,16,608,0,0,52,0,3,3,2,1,11,2,0,1
1,4,0,0,13,2123,0,0,42,0,11,2,2,1,3,2,0,1
2,14,0,0,53,2016,0,0,8,0,6,2,2,3,3,2,0,1
1,33,0,0,34,1181,0,0,0,0,11,1,1,1,2,2,0,1
14,416,6,449,258,11301,0,0,33,0,3,2,4,9,2,2,0,1
0,0,0,0,3,234,0,0,0,0,3,1,2,1,2,2,1,0
16,180,1,649,113,8041,0,0,0,0,12,2,6,7,1,2,0,0
0,0,0,0,5,1289,0,0,0,0,11,3,2,1,13,2,0,0
0,0,0,0,24,488,0,0,72,0,5,2,2,1,4,0,0,1
0,0,4,122,330,11208,0,0,0,0,11,2,2,1,2,2,0,1
0,0,0,0,37,1643,0,0,2,0,3,2,4,3,2,2,1,1
0,0,0,0,1,0,0,0,0,0,11,2,6,2,1,2,0,0
1,9,0,0,23,1223,0,0,0,0,2,1,1,1,2,2,1,0
0,0,2,485,89,3747,0,0,0,0,11,1,1,1,2,2,1,1
0,0,2,76,35,2068,0,0,39,0,5,2,6,6,6,2,0,1
0,0,0,0,1,340,0,0,0,0,5,1,1,3,2,2,1,0
1,72,4,345,24,879,0,0,6,0,3,2,4,4,1,2,0,1
2,29,0,0,98,2680,0,0,16,0,5,3,2,3,13,2,0,1
0,0,0,0,159,5878,0,0,0,0,11,3,2,1,2,2,0,1
0,0,0,0,10,83,0,0,0,0,11,1,1,1,2,2,1,0
2,31,0,0,4,75,0,0,0,0,8,2,2,7,4,2,0,0
0,0,2,3,22,1904,0,0,0,0,11,2,2,2,11,2,0,0
3,22,0,0,15,259,0,0,88,0,12,2,2,1,2,2,1,1
0,0,0,0,34,783,0,0,62,0,5,2,2,1,6,2,1,1
4,15,1,0,38,1155,0,0,5,0,5,2,2,5,2,2,0,1
2,118,0,0,30,1216,0,0,26,0,11,4,2,6,2,0,1,1
10,225,0,0,60,1449,0,0,0,0,12,2,2,4,1,2,0,0
0,0,0,0,50,1232,0,0,173,0,5,2,2,9,2,0,0,1
2,566,0,0,11,574,0,0,34,0,5,1,1,8,2,2,0,1
0,0,0,0,57,2716,0,0,0,0,11,2,2,2,3,2,0,1
0,0,0,0,8,136,0,0,0,1,2,2,2,5,1,2,1,0
3,51,0,0,21,1623,0,0,49,0,5,2,4,2,3,0,0,1
12,394,0,0,30,917,0,0,0,0,11,2,2,1,2,0,1,1
0,0,3,44,52,1216,0,0,0,0,9,3,2,1,13,2,1,0
0,0,0,0,15,1677,0,0,0,0,11,3,2,4,2,2,1,0
0,0,2,15,93,3646,0,0,0,0,5,1,1,5,4,2,0,0
2,147,7,209,48,698,0,0,68,0,11,3,2,7,11,2,0,1
22,1951,1,99,55,3373,0,0,8,0,5,2,2,3,1,2,0,0
1,4,0,0,22,2706,0,0,0,0,11,4,2,1,2,2,0,0
2,84,0,0,43,674,0,0,45,0,10,2,2,1,2,0,0,1
3,28,0,0,20,633,0,0,32,0,12,2,10,1,1,2,1,1
1,9,0,0,11,467,0,0,79,0,5,2,4,1,1,2,0,1
0,0,0,0,11,315,0,0,0,0,7,2,2,4,1,2,1,0
2,40,1,4,19,472,0,0,0,0,11,1,1,4,2,2,0,0
1,10,0,0,16,120,0,0,0,0,5,2,2,6,4,2,0,0
0,0,0,0,4,121,0,0,0,0,11,1,1,4,8,2,0,0
10,218,0,0,27,897,0,0,48,0,12,2,2,1,3,2,0,0
5,140,0,0,21,839,0,0,30,0,12,3,2,3,1,2,0,1
11,604,0,0,63,1276,0,0,0,0,7,2,2,8,6,0,0,1
4,143,0,0,43,997,0,0,0,0,12,2,5,3,2,2,0,0
8,352,1,49,12,309,0,0,0,0,9,3,2,1,4,2,0,0
0,0,0,0,6,747,0,0,0,0,5,2,2,3,3,2,0,0
1,5,0,0,12,2054,0,0,0,0,5,2,2,9,1,2,0,0
11,289,0,0,41,678,0,0,13,0,10,4,1,3,1,2,0,1
13,428,2,11,133,10338,0,0,22,0,6,2,2,1,4,2,0,0
1,98,0,0,39,2555,0,0,0,0,12,2,2,1,2,2,0,0
3,89,0,0,48,1572,0,0,20,0,11,4,2,1,3,2,0,1
1,6,0,0,25,1177,0,0,0,0,10,2,2,3,1,2,0,0
0,0,0,0,12,483,0,0,0,0,12,2,5,1,1,2,0,0
4,140,1,97,70,2721,0,0,10,0,11,1,2,1,10,2,1,1
0,0,0,0,24,1163,0,0,27,0,10,1,1,4,1,2,1,1
10,293,0,0,29,1219,0,0,8,0,5,2,2,3,2,2,1,0
1,55,1,47,47,1842,0,0,0,0,3,2,2,6,1,2,0,0
0,0,0,0,18,353,0,0,0,0,11,1,1,1,2,2,1,1
0,0,1,9,30,1992,0,0,9,0,3,2,4,1,3,2,0,1
9,341,0,0,37,1538,0,0,0,0,12,2,2,3,1,2,0,0
0,0,0,0,37,511,0,0,0,1,5,2,2,1,13,2,1,0
0,0,0,0,48,476,0,0,0,0,8,1,1,1,2,2,0,0
1,75,4,250,44,1679,0,0,45,0,3,2,2,1,2,0,1,1
2,46,0,0,30,2559,0,0,0,0,9,3,2,6,1,2,1,0
9,266,4,1312,26,743,0,0,9,0,11,2,7,1,2,2,1,1
13,1013,2,102,77,2697,0,0,1,0,11,1,1,9,2,2,0,0
4,356,0,0,15,1992,0,0,17,0,12,2,4,1,1,2,0,1
0,0,0,0,10,640,0,0,18,0,11,2,2,1,2,2,0,1
1,4,0,0,8,244,0,0,15,0,9,2,4,1,1,2,0,1
5,39,0,0,13,137,0,0,0,0,11,2,4,3,2,0,0,1
4,65,0,0,26,501,0,0,0,0,11,2,2,9,2,0,0,1
0,0,0,0,27,458,0,0,38,0,6,1,1,2,2,2,0,1
5,97,0,0,15,489,0,0,81,0,12,8,13,9,20,1,0,1
0,0,0,0,1,0,0,0,0,0,12,1,1,1,1,2,1,0
3,89,0,0,57,1721,0,0,204,0,11,2,2,1,4,2,1,1
0,0,0,0,13,1496,0,0,98,0,5,2,4,6,4,0,0,1
7,170,0,0,27,1342,0,0,29,0,3,2,2,1,3,2,0,1
0,0,0,0,8,233,0,0,0,0,3,2,2,3,13,2,0,0
3,103,2,39,39,1406,0,0,5,0,11,3,2,5,2,2,0,0
8,72,1,21,51,1124,0,0,0,0,3,2,2,2,2,2,0,0
4,68,0,0,137,3770,0,0,0,0,12,2,2,3,1,2,0,0
1,17,1,31,45,812,0,0,4,0,8,2,4,3,2,2,0,1
3,30,0,0,21,327,0,0,68,0,5,2,2,1,3,2,0,1
0,0,0,0,24,452,0,0,0,0,11,2,2,3,2,2,1,1
0,0,1,68,25,927,0,0,0,0,11,2,2,3,2,2,1,0
0,0,0,0,2,49,0,0,0,0,5,3,2,3,3,2,0,0
0,0,0,0,16,898,0,0,0,0,11,1,1,1,1,2,0,1
0,0,0,0,41,898,0,0,19,0,12,2,5,3,1,2,0,1
4,55,0,0,19,685,0,0,7,0,3,3,2,7,2,2,1,1
0,0,1,22,81,2253,0,0,0,0,11,3,2,1,2,2,1,1
4,91,0,0,12,197,0,0,0,0,11,2,2,1,2,0,0,0
3,155,1,14,108,2942,0,0,7,0,12,1,1,2,10,2,0,1
3,113,0,0,17,237,0,0,94,0,10,1,1,2,4,2,0,1
5,82,1,137,118,2595,0,0,38,0,11,2,2,1,1,2,0,1
2,126,0,0,11,401,0,0,45,0,11,1,1,3,2,2,1,1
1,23,0,0,4,52,0,0,0,0,10,2,4,2,1,0,0,1
0,0,0,0,28,558,0,0,0,0,11,1,1,2,2,2,0,0
0,0,0,0,7,70,0,0,0,0,7,3,2,4,1,2,0,0
1,67,0,0,12,592,0,0,218,0,12,1,1,5,3,0,0,1
2,46,1,64,91,3309,0,0,0,0,11,3,2,1,13,2,1,1
5,61,0,0,164,4389,0,0,6,0,11,2,2,1,2,2,0,1
2,22,0,0,10,163,0,0,0,0,11,2,2,1,2,2,0,0
0,0,0,0,1,0,0,0,0,0,12,3,2,1,2,2,0,0
3,50,0,0,2,37,0,0,0,0,11,2,2,1,2,0,0,0
0,0,0,0,20,616,0,0,0,0,11,3,3,1,3,0,0,0
1,16,0,0,27,1240,0,0,28,0,3,2,2,3,1,2,0,1
12,219,4,857,107,2640,0,0,6,0,11,1,2,1,2,2,1,1
1,15,0,0,6,199,0,0,0,0,10,1,8,2,6,0,0,0
3,118,0,0,32,791,0,0,1,0,9,2,2,1,3,2,0,0
0,0,0,0,32,2632,0,0,0,0,11,1,1,1,3,2,1,0
0,0,2,50,95,4379,0,0,0,0,11,2,2,1,2,2,1,0
12,1276,0,0,118,3215,0,0,22,0,11,3,2,8,3,2,0,1
0,0,0,0,44,784,0,0,360,0,12,8,13,9,20,1,0,1
1,26,0,0,71,1260,0,0,3,0,11,2,2,1,1,2,0,1
0,0,0,0,49,1768,0,0,9,0,11,3,2,4,11,2,1,1
4,70,1,139,58,3022,0,0,0,0,11,1,1,2,2,0,0,1
4,77,0,0,8,159,0,0,0,0,11,3,2,3,2,2,0,1
0,0,0,0,22,465,0,0,0,0,5,3,2,1,4,2,0,0
0,0,2,71,16,244,0,0,0,0,5,2,2,1,4,2,0,0
2,169,2,105,35,990,0,0,14,0,11,1,1,1,2,2,1,1
6,71,0,0,101,3800,0,0,3,0,11,1,1,3,1,2,0,1
4,89,2,12,13,182,0,0,0,0,9,2,2,1,2,2,0,0
0,0,0,0,9,311,0,0,0,0,6,2,2,4,13,2,0,0
0,0,0,0,2,0,0,0,0,0,11,3,2,5,20,2,0,0
0,0,0,0,32,905,0,0,83,0,10,2,2,6,2,0,0,1
6,167,0,0,71,1445,0,0,12,0,11,3,2,1,10,2,0,1
4,37,1,5,50,1295,0,0,0,0,11,3,2,4,2,2,1,1
2,37,0,0,12,375,0,0,43,0,5,2,2,3,2,2,0,1
8,249,1,36,31,1124,0,0,18,0,5,2,4,5,5,0,0,1
3,29,0,0,32,1729,0,0,16,0,12,2,4,3,2,0,0,1
8,126,1,13,13,217,0,0,0,0,10,2,2,1,13,2,0,0
0,0,0,0,8,97,0,0,0,0,11,2,2,3,2,2,0,1
3,334,0,0,32,4316,0,0,42,0,12,8,13,9,20,1,0,1
0,0,0,0,12,198,0,0,0,0,3,2,2,3,2,2,0,0
0,0,1,0,48,783,0,0,0,0,12,2,2,3,2,2,0,0
0,0,0,0,4,186,0,0,0,0,11,3,2,3,2,2,0,0
0,0,0,0,1,0,0,0,0,0,3,2,4,6,2,2,0,0
0,0,2,5,5,122,0,0,0,0,7,3,2,2,4,2,1,0
0,0,0,0,14,1340,0,0,57,0,5,4,1,3,4,0,0,1
0,0,0,0,2,0,0,0,0,0,11,1,1,8,1,2,0,0
6,71,0,0,73,2335,0,0,2,0,11,2,2,7,11,2,0,1
0,0,0,0,9,315,0,0,0,0,5,2,2,2,7,2,0,0
1,9,0,0,15,688,0,0,43,0,12,1,1,3,2,0,0,1
1,0,0,0,21,574,0,0,6,0,3,2,2,1,2,2,0,1
7,253,0,0,40,1591,0,0,48,0,12,2,2,3,2,2,1,1
0,0,0,0,39,706,0,0,0,0,9,3,2,1,13,2,0,0
0,0,0,0,45,1387,0,0,0,0,7,3,2,9,13,2,0,0
0,0,0,0,1,0,0,0,0,0,3,2,2,1,1,2,0,0
0,0,0,0,4,185,0,0,0,0,11,2,2,1,20,2,0,0
0,0,1,13,27,1620,0,0,0,0,9,5,11,4,1,2,0,0
5,28,0,0,6,80,0,0,0,0,3,2,4,3,1,2,0,0
14,228,6,121,336,12166,0,0,0,0,11,2,2,7,2,2,0,1
2,44,0,0,44,724,0,0,19,0,5,2,2,3,2,2,0,1
1,33,0,0,18,1169,0,0,54,0,12,2,4,7,2,0,0,1
5,181,0,0,42,792,0,0,113,0,5,2,2,1,4,0,1,1
0,0,2,4,45,2984,0,0,0,0,11,2,2,1,1,2,0,0
4,766,0,0,217,4153,0,0,0,0,5,2,2,1,6,2,1,0
5,161,5,108,44,2982,0,0,5,0,11,1,1,4,1,2,0,1
1,22,3,39,80,1903,0,0,0,0,12,3,2,1,2,2,0,0
12,232,0,0,439,17550,0,0,2,0,11,2,5,1,10,2,0,1
9,344,0,0,22,1860,0,0,12,0,12,2,2,7,1,2,0,1
1,14,0,0,10,90,0,0,0,0,3,2,2,2,10,0,0,0
0,0,0,0,27,925,0,0,0,0,6,1,1,1,4,2,0,0
0,0,0,0,12,312,0,0,17,0,5,2,2,8,6,2,0,1
6,60,2,61,23,1031,0,0,33,0,3,4,2,9,10,2,1,1
0,0,0,0,6,612,0,0,0,0,11,2,2,1,2,2,0,0
2,36,0,0,22,1805,0,0,3,0,9,2,2,1,2,2,1,1
0,0,0,0,23,662,0,0,0,0,11,2,2,6,2,0,1,1
4,60,3,37,21,868,0,0,40,0,12,1,1,1,2,0,0,1
0,0,0,0,10,254,0,0,14,0,3,2,2,9,2,0,0,1
0,0,0,0,13,226,0,0,0,0,3,2,2,4,3,2,1,0
8,228,1,61,66,1505,0,0,0,0,5,2,10,4,2,2,0,0
3,52,0,0,16,2059,0,0,26,0,7,5,11,1,1,2,0,1
1,19,0,0,17,545,0,0,9,0,11,3,2,5,2,0,0,1
8,279,2,1652,43,1717,0,0,18,0,12,3,2,5,2,2,0,1
5,93,0,0,45,2139,0,0,20,0,9,2,4,2,2,0,0,1
0,0,0,0,15,89,0,0,39,0,10,2,2,6,2,0,1,1
11,336,0,0,40,1239,0,0,6,0,5,2,2,5,3,2,1,1
14,160,6,1079,154,7405,0,0,8,0,11,4,1,4,1,2,0,1
3,37,1,9,17,1075,0,0,0,0,5,3,2,1,2,2,1,0
0,0,0,0,5,94,0,0,0,0,3,2,2,1,1,2,0,0
0,0,1,1411,1,1411,0,0,0,0,3,2,2,1,2,2,0,0
1,53,0,0,13,417,0,0,72,0,5,1,1,1,3,0,0,1
0,0,0,0,39,2643,0,0,0,0,5,4,1,3,4,2,0,0
0,0,1,48,32,1808,0,0,12,0,5,3,2,8,1,2,0,1
0,0,0,0,8,781,0,0,0,0,3,3,2,4,1,2,0,0
0,0,0,0,1,0,0,0,0,0,3,1,1,1,3,2,0,0
7,170,1,39,4,45,0,0,0,0,5,3,2,1,2,2,0,0
4,378,1,0,15,638,0,0,0,0,11,2,2,1,2,0,0,1
0,0,0,0,4,161,0,0,0,0,11,1,1,3,2,0,1,0
7,45,0,0,35,653,0,0,19,0,12,2,2,1,8,2,0,0
3,36,1,395,12,343,0,0,0,0,3,2,2,1,2,0,0,0
0,0,0,0,8,726,0,0,0,0,5,2,2,1,19,2,0,0
4,46,1,40,61,2072,0,0,0,0,5,2,2,3,2,2,0,0
6,63,0,0,174,3486,0,0,0,0,11,1,1,1,2,2,0,1
0,0,0,0,7,223,0,0,0,0,3,1,1,1,1,2,0,0
1,9,0,0,13,858,0,0,0,0,11,1,1,6,11,2,0,1
0,0,1,25,43,2053,0,0,0,0,5,2,5,6,3,2,1,0
1,6,1,0,45,1582,0,0,54,0,2,3,2,1,1,2,0,0
0,0,2,17,93,5496,0,0,0,0,7,2,2,1,1,2,0,1
0,0,0,0,1,0,0,0,0,0,5,1,1,3,3,2,0,0
0,0,0,0,15,450,0,0,0,0,5,2,2,7,2,2,0,0
0,0,3,36,23,660,0,0,30,0,5,1,1,1,4,2,0,1
0,0,0,0,1,0,0,0,0,0,11,2,2,1,3,2,0,0
2,15,0,0,19,523,0,0,28,0,11,3,2,1,8,2,0,1
2,33,0,0,25,1720,0,0,60,0,3,2,5,3,1,2,0,1
6,666,0,0,22,1674,0,0,0,0,3,2,2,3,2,2,0,0
0,0,0,0,40,1542,0,0,0,0,11,2,2,1,2,2,1,1
6,631,3,7,28,2104,0,0,35,0,11,2,2,5,6,2,0,0
0,0,2,18,1,46,0,0,0,0,3,2,2,7,10,2,0,0
0,0,1,0,1,13,0,0,0,0,3,3,2,3,1,2,0,0
2,33,0,0,6,96,0,0,0,0,12,2,2,4,2,0,0,0
6,110,1,20,137,5380,0,0,1,0,11,2,4,3,10,2,0,1
4,169,0,0,14,315,0,0,34,0,7,2,2,1,2,2,1,1
13,189,3,22,108,4033,0,0,24,0,5,3,2,9,13,2,1,1
0,0,0,0,9,275,0,0,0,0,11,3,2,1,13,2,0,0
6,215,0,0,29,672,0,0,22,0,11,2,2,1,8,0,1,1
0,0,0,0,2,4,0,0,0,0,3,2,2,4,1,2,0,0
7,397,0,0,28,1249,0,0,0,0,5,3,2,7,6,2,0,0
1,4,1,12,16,1012,0,0,0,0,12,2,2,7,10,2,0,0
7,84,0,0,57,1897,0,0,0,0,11,1,2,3,3,2,0,1
0,0,0,0,10,273,0,0,0,0,11,1,1,2,8,2,0,1
1,180,1,36,28,1907,0,0,19,0,9,2,2,1,1,2,1,1
0,0,0,0,3,129,0,0,0,0,5,2,2,1,1,2,1,0
1,0,0,0,41,1202,0,0,0,0,3,2,2,2,13,2,0,0
5,168,0,0,15,2026,0,0,0,0,11,3,2,7,13,2,0,1
3,47,0,0,33,451,0,0,0,0,8,1,1,2,3,2,1,0
0,0,0,0,9,372,0,0,55,0,7,2,2,1,4,2,0,1
11,631,5,1037,501,21672,0,0,9,0,11,2,2,1,2,2,0,1
3,46,0,0,8,168,0,0,4,0,10,2,7,7,20,2,1,1
1,24,0,0,46,1525,0,0,107,0,5,2,2,2,4,2,0,1
2,19,0,0,28,1183,0,0,21,0,12,3,12,9,2,2,0,1
6,82,0,0,176,5505,0,0,10,0,11,2,2,1,3,2,0,1
13,112,0,0,49,1503,0,0,0,0,3,2,2,2,2,0,0,0
0,0,0,0,2,299,0,0,0,0,11,2,2,3,2,0,0,0
0,0,2,53,12,318,0,0,0,0,7,1,1,2,4,0,0,0
0,0,0,0,7,705,0,0,0,0,12,5,11,4,1,2,1,0
12,196,0,0,59,1533,0,0,6,0,11,2,2,1,1,2,1,0
3,67,0,0,46,987,0,0,22,0,9,2,2,8,4,2,0,1
5,138,0,0,11,578,0,0,0,0,5,1,1,1,4,2,0,0
8,359,1,16,19,497,0,0,0,0,5,2,4,7,1,2,0,0
0,0,0,0,29,2159,0,0,0,0,10,3,2,1,13,2,0,0
0,0,0,0,8,257,0,0,0,0,7,2,2,1,1,2,1,0
2,23,0,0,39,1828,0,0,20,0,11,1,1,1,2,2,1,1
3,51,0,0,14,527,0,0,0,0,3,7,1,6,1,2,1,0
8,167,1,168,33,755,0,0,0,0,10,2,2,3,3,2,0,0
4,1764,1,0,3,86,0,0,0,0,5,3,2,4,5,0,0,0
1,43,0,0,38,1348,0,0,2,0,5,2,6,1,1,2,0,0
0,0,0,0,15,150,0,0,0,0,11,2,2,7,20,2,0,0
9,81,0,0,34,1219,0,0,9,0,3,3,2,3,1,2,0,1
0,0,0,0,3,69,0,0,0,0,5,2,2,4,1,2,1,0
1,15,0,0,11,224,0,0,47,0,5,2,5,1,4,2,0,1
3,230,0,0,35,905,0,0,0,0,7,3,2,6,1,2,0,0
16,305,0,0,147,4123,0,0,0,0,11,2,2,1,8,2,0,1
0,0,0,0,5,384,0,0,0,0,5,2,4,4,2,2,0,0
3,43,4,81,132,5091,0,0,0,0,11,2,2,4,2,2,1,1
1,43,0,0,37,1505,0,0,0,0,3,2,2,4,8,0,0,0
0,0,0,0,5,17,0,0,0,0,5,4,2,3,1,2,0,0
4,47,1,49,28,687,0,0,108,0,11,1,1,1,2,2,1,1
0,0,0,0,16,588,0,0,0,0,2,2,4,1,1,2,0,0
4,585,0,0,29,1582,0,0,0,0,10,2,2,4,1,2,0,0
8,119,0,0,31,1273,0,0,12,0,5,2,4,1,3,0,0,1
2,32,0,0,11,222,0,0,0,0,8,2,2,1,4,2,1,1
3,137,4,219,22,924,0,0,29,0,5,2,2,9,2,0,0,1
4,69,3,1657,26,2306,0,0,5,0,10,1,1,2,3,2,0,0
3,75,0,0,122,1655,0,0,17,0,8,2,10,4,3,2,0,1
1,18,0,0,26,1122,0,0,15,0,5,1,1,3,1,2,0,1
0,0,0,0,2,0,0,0,0,0,3,2,2,6,1,2,0,0
2,334,2,29,17,939,0,0,18,0,12,2,2,1,6,2,0,1
1,4,2,11,110,3211,0,0,0,0,3,2,2,1,2,2,0,0
8,139,0,0,49,3346,0,0,12,0,11,2,6,1,2,2,0,0
1,38,0,0,6,197,0,0,0,0,12,1,1,2,8,0,1,0
0,0,0,0,13,443,0,0,0,0,11,2,5,1,1,2,0,0
0,0,0,0,37,1138,0,0,0,0,3,2,2,1,8,2,0,0
0,0,0,0,24,653,0,0,0,0,5,4,1,9,1,2,0,0
10,252,2,506,14,289,0,0,29,0,5,2,4,4,2,2,0,1
1,11,2,27,31,424,0,0,30,0,11,2,2,3,1,2,0,1
0,0,0,0,4,75,0,0,0,0,11,2,2,1,8,0,0,0
1,0,0,0,1,0,0,0,0,0,12,1,1,1,10,2,0,0
8,149,0,0,55,2598,0,0,48,0,5,2,4,8,2,2,1,0
4,85,0,0,22,452,0,0,107,0,5,2,2,6,4,0,0,1
0,0,0,0,2,39,0,0,0,0,12,3,2,1,3,2,0,0
4,190,3,575,30,2375,0,0,34,0,12,2,2,3,2,0,0,1
0,0,0,0,3,55,0,0,0,0,3,2,2,1,10,2,0,0
11,100,0,0,122,6141,0,0,0,0,5,3,2,1,1,2,0,0
0,0,0,0,57,980,0,0,0,0,5,2,2,3,11,2,0,0
1,63,0,0,3,120,0,0,42,0,10,1,1,3,3,0,0,1
4,324,0,0,30,1456,0,0,30,0,5,2,2,4,2,2,0,1
2,41,2,30,25,596,0,0,0,0,11,2,2,3,1,2,0,0
0,0,0,0,1,0,0,0,0,0,5,3,2,3,13,2,0,0
0,0,0,0,18,773,0,0,46,0,11,1,1,3,1,0,0,1
6,143,0,0,50,925,0,0,13,0,3,2,2,1,2,2,0,1
0,0,0,0,8,846,0,0,24,0,11,1,1,7,5,0,0,1
2,17,0,0,0,0,0,0,0,0,9,2,2,2,6,0,1,1
0,0,0,0,65,1624,0,0,0,0,11,2,6,2,11,2,1,0
7,53,0,0,42,650,0,0,0,0,5,2,2,2,4,2,0,0
4,49,0,0,4,180,0,0,0,0,12,3,2,6,10,2,0,0
3,33,0,0,10,278,0,0,32,0,7,2,2,6,1,2,0,1
5,232,0,0,6,190,0,0,0,0,5,1,1,1,3,2,1,0
0,0,0,0,9,250,0,0,0,0,6,2,2,4,1,2,0,0
0,0,0,0,10,232,0,0,0,0,8,1,1,3,4,2,0,0
0,0,0,0,6,546,0,0,35,0,3,2,2,3,1,2,0,1
0,0,0,0,3,127,0,0,65,0,5,2,2,1,11,2,0,1
10,291,0,0,36,940,0,0,87,0,8,2,2,2,2,2,0,1
0,0,3,300,13,509,0,0,40,0,3,3,2,7,2,2,1,1
0,0,0,0,1,0,0,0,0,0,6,1,8,1,1,2,0,0
1,4,0,0,37,1828,0,0,8,0,11,4,1,2,3,2,0,1
6,189,0,0,9,208,0,0,70,0,11,2,2,3,2,0,0,1
3,57,0,0,37,1269,0,0,0,0,11,1,1,4,1,2,1,0
12,244,0,0,110,4006,0,0,11,0,11,2,7,1,1,2,0,0
0,0,0,0,41,1837,0,0,0,0,11,2,2,1,3,2,0,0
2,149,0,0,6,326,0,0,0,0,12,1,1,1,2,0,0,1
6,253,0,0,21,686,0,0,0,0,3,1,1,3,3,2,0,0
3,36,0,0,11,496,0,0,0,0,12,2,2,1,8,2,0,0
0,0,0,0,1,0,0,0,0,0,3,3,2,2,10,2,0,0
6,72,2,206,24,709,0,0,15,0,8,2,2,2,2,2,0,1
3,103,0,0,1,7,0,0,0,0,11,3,2,1,5,0,0,1
0,0,0,0,18,286,0,0,0,0,5,2,2,9,3,2,0,0
0,0,1,36,17,318,0,0,17,0,11,2,5,1,1,2,1,1
9,65,0,0,123,5969,0,0,10,0,11,2,1,1,2,0,0,1
0,0,0,0,81,2071,0,0,0,0,5,1,8,3,2,2,0,0
0,0,0,0,81,1950,0,0,0,0,11,2,2,1,2,2,0,1
2,167,2,825,117,5256,0,0,3,0,11,3,2,5,8,2,0,1
0,0,0,0,27,780,0,0,0,0,3,2,4,3,2,2,0,0
0,0,4,225,222,9630,0,0,0,0,6,8,13,9,5,1,0,0
0,0,0,0,18,356,0,0,0,0,5,3,2,3,13,2,0,0
1,27,0,0,9,396,0,0,0,0,11,2,4,1,2,2,0,0
0,0,1,0,51,2122,0,0,9,0,3,2,2,1,10,2,0,1
5,211,0,0,75,3275,0,0,29,0,8,4,1,1,3,2,0,1
0,0,1,108,10,322,0,0,61,0,11,2,5,4,2,2,0,1
3,73,0,0,9,2151,0,0,10,0,3,2,5,1,1,2,0,1
0,0,0,0,12,466,0,0,0,0,11,3,2,1,3,2,0,0
3,16,6,137,15,1605,0,0,0,0,11,2,10,1,2,2,0,1
0,0,0,0,9,651,0,0,68,0,11,2,2,2,2,2,0,1
18,1103,8,696,359,12959,0,0,7,0,11,2,2,1,2,2,0,1
8,318,3,164,107,4447,0,0,0,0,11,2,2,1,3,2,0,1
2,152,0,0,20,791,0,0,41,0,3,1,1,1,2,0,0,1
5,111,1,123,42,1610,0,0,4,0,12,3,2,3,2,2,0,0
0,0,0,0,4,302,0,0,46,0,12,8,13,9,20,1,0,1
2,154,0,0,18,367,0,0,0,0,3,3,2,2,1,2,1,0
4,165,0,0,59,3096,0,0,8,0,5,2,2,1,2,2,0,1
0,0,0,0,12,173,0,0,0,0,5,1,1,6,1,2,0,0
0,0,0,0,27,520,0,0,0,0,11,8,2,3,20,0,0,1
0,0,0,0,15,281,0,0,57,0,11,2,4,1,2,0,0,1
8,671,0,0,32,1403,0,0,37,0,11,2,2,3,2,2,0,1
2,101,0,0,16,692,0,0,146,0,5,2,2,5,2,0,0,1
0,0,0,0,8,856,0,0,44,0,5,2,4,9,5,2,0,1
2,96,0,0,61,1260,0,0,131,0,11,2,2,7,10,2,1,1
0,0,0,0,2,17,0,0,0,0,3,1,1,8,3,2,0,0
5,88,0,0,34,3195,0,0,0,0,5,2,2,3,2,2,0,0
6,352,0,0,11,605,0,0,0,0,6,2,2,1,2,2,0,1
0,0,0,0,21,761,0,0,0,0,5,3,2,3,1,2,0,0
10,382,4,319,72,4163,0,0,12,0,3,2,2,6,2,2,0,1
0,0,0,0,10,269,0,0,0,0,5,2,2,3,2,2,0,0
0,0,0,0,53,5504,0,0,12,0,11,2,2,1,1,2,0,1
10,60,1,110,75,1585,0,0,0,0,12,2,2,4,1,2,0,0
10,340,3,269,99,3611,0,0,0,0,6,2,2,1,7,2,0,1
0,0,0,0,19,1040,0,0,115,0,5,2,2,6,2,0,1,1
0,0,0,0,1,0,0,0,0,0,11,3,2,2,11,2,1,0
3,57,0,0,15,486,0,0,0,0,3,2,2,5,6,2,0,0
0,0,0,0,4,236,0,0,36,0,10,2,2,3,1,2,0,1
9,255,0,0,19,716,0,0,0,0,5,1,2,3,2,2,0,0
0,0,0,0,3,31,0,0,0,0,12,2,2,1,2,0,0,0
5,419,0,0,14,362,0,0,3,0,7,3,2,3,2,2,1,1
0,0,0,0,18,346,0,0,0,0,11,2,2,3,2,2,0,0
0,0,0,0,5,47,0,0,0,0,12,2,2,1,3,2,0,0
6,257,0,0,37,2533,0,0,6,0,11,2,2,3,1,2,0,1
7,145,1,37,130,5252,0,0,0,0,11,2,2,4,2,2,0,1
10,228,0,0,3,28,0,0,0,0,10,2,2,7,5,0,0,0
0,0,0,0,24,654,0,0,0,0,5,3,2,1,2,2,0,0
0,0,0,0,64,3025,0,0,0,0,11,3,2,2,2,2,0,0
0,0,0,0,8,95,0,0,0,0,2,4,1,3,3,2,0,0
6,51,0,0,29,944,0,0,49,0,5,2,2,4,2,2,1,1
0,0,0,0,46,3346,0,0,0,0,11,2,2,3,2,2,1,1
0,0,0,0,2,0,0,0,0,0,11,1,1,1,1,2,0,0
7,94,0,0,43,1487,0,0,0,0,10,2,4,1,2,2,0,0
0,0,0,0,9,154,0,0,20,0,11,1,1,4,2,2,0,1
2,17,0,0,11,440,0,0,54,0,5,2,4,8,4,0,0,1
4,49,0,0,17,283,0,0,0,0,12,2,2,1,13,2,1,0
0,0,0,0,11,210,0,0,0,0,5,2,2,8,2,2,0,0
4,82,0,0,13,242,0,0,31,0,5,1,2,8,3,2,0,1
0,0,0,0,102,4509,0,0,0,0,11,2,2,7,1,2,0,0
2,94,0,0,23,897,0,0,0,0,8,3,2,3,2,0,1,0
0,0,0,0,9,76,0,0,0,0,3,2,2,6,1,2,0,0
7,398,0,0,27,770,0,0,10,0,10,1,8,3,3,2,0,1
8,839,0,0,72,1248,0,0,13,0,5,3,2,6,3,2,1,0
0,0,0,0,10,253,0,0,63,0,3,1,1,1,2,0,1,1
1,75,2,34,100,4436,0,0,0,0,11,2,2,1,2,2,0,1
6,61,0,0,21,585,0,0,0,0,12,2,2,4,1,0,0,1
0,0,0,0,7,357,0,0,0,0,11,4,1,4,10,2,1,0
9,73,0,0,26,2923,0,0,0,0,12,1,1,3,1,2,0,0
2,18,4,15,30,569,0,0,0,0,5,2,2,1,4,2,0,0
2,135,0,0,53,1511,0,0,0,0,5,2,2,1,6,2,1,0
0,0,0,0,14,244,0,0,0,0,12,2,2,1,3,2,0,0
3,66,3,65,152,3684,0,0,12,0,11,2,2,1,2,2,0,1
0,0,0,0,17,1338,0,0,0,0,8,2,2,3,13,2,0,0
17,754,2,77,31,1021,0,0,2,0,3,1,1,3,2,2,0,1
1,7,2,15,17,2269,0,0,0,0,7,2,2,3,4,2,0,1
3,36,2,16,74,4377,0,0,0,0,11,1,2,3,2,2,0,1
0,0,0,0,2,0,0,0,0,0,5,1,8,2,1,2,0,0
1,20,0,0,18,375,0,0,32,0,11,2,2,5,3,2,0,1
5,262,0,0,45,1456,0,0,13,0,5,2,2,7,4,2,0,1
0,0,0,0,13,218,0,0,0,0,7,2,2,1,1,2,0,0
0,0,0,0,10,392,0,0,42,0,11,1,1,2,2,0,0,1
0,0,0,0,11,667,0,0,0,0,12,2,5,1,2,2,0,1
0,0,0,0,1,0,0,0,0,0,12,2,2,1,1,2,0,0
3,107,0,0,17,513,0,0,17,0,11,2,2,1,10,2,0,1
2,81,1,21,18,2199,0,0,0,0,5,1,1,1,2,2,1,0
0,0,0,0,1,104,0,0,0,0,12,2,6,4,1,2,0,0
10,164,0,0,37,1553,0,0,0,0,9,2,2,1,2,2,0,0
0,0,2,39,15,245,0,0,11,0,3,2,2,1,3,2,1,1
0,0,0,0,1,0,0,0,0,0,3,3,2,3,3,2,0,0
8,117,0,0,8,104,0,0,0,0,11,1,1,2,2,2,1,1
0,0,0,0,60,1315,0,0,0,0,11,2,2,3,2,2,0,1
0,0,0,0,5,131,0,0,36,0,6,1,1,1,5,0,0,1
0,0,0,0,5,280,0,0,19,0,8,1,1,4,2,0,0,1
4,62,0,0,53,1840,0,0,46,0,12,1,1,2,2,2,0,1
0,0,0,0,58,3178,0,0,0,0,11,2,2,9,2,2,0,1
1,4,0,0,3,14,0,0,0,0,6,4,2,1,5,2,1,1
2,26,0,0,19,3277,0,0,0,0,3,2,2,4,6,2,0,0
3,52,0,0,31,3069,0,0,5,0,11,1,1,3,2,2,0,1
3,105,1,0,286,9952,0,0,0,0,11,2,2,1,2,2,0,1
3,224,0,0,1,26,0,0,0,0,12,3,2,2,6,0,1,0
4,91,2,39,16,1280,0,0,39,0,5,2,4,4,4,0,0,1
0,0,0,0,51,1219,0,0,9,0,8,2,2,2,1,2,0,1
0,0,0,0,2,0,0,0,0,0,11,1,1,9,1,2,0,0
11,157,5,514,79,2605,0,0,14,0,5,2,2,7,3,2,0,1
0,0,0,0,29,1211,0,0,0,0,11,2,2,4,2,0,0,1
0,0,0,0,3,70,0,0,0,0,5,2,2,3,2,2,0,0
11,194,0,0,81,2126,0,0,0,0,11,3,2,1,2,2,1,0
4,132,0,0,25,773,0,0,5,0,5,3,2,2,2,2,0,1
3,54,1,28,24,203,0,0,44,0,6,2,2,1,4,2,0,1
2,31,2,51,19,523,0,0,0,0,5,3,2,8,3,2,1,0
4,102,0,0,10,226,0,0,0,0,10,3,2,1,13,2,0,0
5,266,0,0,29,730,0,0,32,0,11,4,1,8,1,2,0,1
0,0,0,0,16,666,0,0,0,0,3,2,2,1,2,0,0,0
5,64,0,0,21,1922,0,0,60,0,11,3,2,1,2,0,0,1
0,0,0,0,8,157,0,0,0,0,3,3,2,2,3,2,0,0
0,0,0,0,22,493,0,0,55,0,11,4,1,9,8,2,1,1
1,63,1,0,22,2815,0,0,0,0,3,2,2,3,2,2,0,0
1,0,0,0,9,336,0,0,30,0,9,1,2,6,4,2,0,1
0,0,6,521,27,733,0,0,0,0,11,2,2,7,2,2,0,0
0,0,0,0,31,688,0,0,0,0,3,4,1,1,3,2,0,0
0,0,0,0,28,803,0,0,0,0,7,3,2,3,15,2,0,0
0,0,0,0,21,1003,0,0,0,0,3,2,4,1,1,2,0,0
1,44,0,0,56,2075,0,0,13,0,5,2,5,2,3,2,0,1
5,173,5,109,38,1859,0,0,0,0,12,3,2,8,10,2,1,0
7,86,1,0,101,3094,0,0,56,0,11,2,2,1,2,2,0,1
0,0,0,0,2,0,0,0,0,0,3,2,2,3,3,2,1,0
2,149,0,0,3,133,0,0,0,0,10,3,2,6,20,0,0,0
1,25,0,0,0,0,0,0,0,0,11,1,1,8,8,0,0,1
0,0,0,0,1,0,0,0,0,0,5,1,1,2,2,2,0,0
0,0,2,0,99,2622,0,0,0,0,11,3,2,2,13,2,0,1
1,52,0,0,162,3608,0,0,54,0,11,2,2,7,2,0,0,1
8,57,0,0,44,845,0,0,19,0,5,2,2,1,3,2,0,1
0,0,1,16,8,308,0,0,35,0,5,2,4,1,2,2,0,1
0,0,0,0,54,3978,0,0,0,0,11,2,2,6,1,2,1,0
0,0,2,148,72,2271,0,0,0,0,12,2,2,1,2,2,0,0
3,121,0,0,17,174,0,0,0,0,5,1,4,2,2,2,0,0
4,208,4,134,37,1335,0,0,6,0,12,1,1,6,1,2,0,0
0,0,0,0,16,480,0,0,0,0,5,1,1,4,4,2,1,0
5,173,0,0,49,1465,0,0,20,0,11,3,2,3,1,2,0,1
12,275,2,288,60,1276,0,0,5,0,11,4,1,1,2,2,0,1
0,0,0,0,7,383,0,0,0,0,3,3,2,6,3,2,0,0
1,70,0,0,12,541,0,0,115,0,11,2,5,3,2,0,1,1
4,127,0,0,32,2423,0,0,23,0,5,1,1,3,4,2,0,1
8,275,1,97,204,5209,0,0,0,0,11,2,2,1,2,2,0,0
0,0,0,0,7,258,0,0,0,0,3,3,2,6,1,2,0,0
4,30,0,0,7,493,0,0,0,0,10,2,5,1,2,0,0,1
0,0,1,7,10,672,0,0,60,0,9,1,1,7,2,2,0,1
4,153,0,0,19,402,0,0,57,0,5,2,2,5,4,0,1,1
5,215,0,0,61,1238,0,0,0,0,5,3,2,3,13,2,0,0
2,48,4,155,20,540,0,0,38,0,11,2,2,3,2,2,0,1
0,0,0,0,14,838,0,0,55,0,5,1,1,3,4,2,0,1
4,87,0,0,37,1336,0,0,0,0,11,2,2,1,1,2,0,0
3,115,0,0,55,1833,0,0,18,0,11,2,2,6,2,2,1,1
0,0,0,0,10,724,0,0,97,0,5,1,1,4,2,0,1,1
2,83,2,40,241,5194,0,0,0,0,12,2,4,1,1,2,0,0
11,202,5,1767,338,13265,0,0,1,0,11,2,2,3,2,2,0,1
0,0,0,0,13,751,0,0,0,0,12,1,1,7,2,2,0,0
7,165,0,0,63,1422,0,0,0,0,6,4,2,2,3,2,0,0
0,0,0,0,2,0,0,0,0,0,11,3,2,4,13,2,0,0
1,15,2,55,52,3019,0,0,0,0,11,2,6,1,1,2,0,0
4,55,0,0,4,42,0,0,0,0,11,1,1,1,8,0,0,0
5,200,0,0,49,837,0,0,28,0,5,2,2,1,3,0,0,1
2,83,0,0,15,630,0,0,42,0,12,4,1,3,1,2,1,1
0,0,0,0,8,210,0,0,0,0,11,1,1,3,8,0,1,0
0,0,0,0,6,415,0,0,0,0,2,1,1,3,2,2,0,0
12,178,0,0,77,999,0,0,5,0,6,2,2,4,13,2,0,0
8,144,4,181,52,2826,0,0,0,0,5,3,2,3,13,2,1,0
0,0,0,0,13,562,0,0,34,0,11,1,1,1,2,0,0,1
3,67,0,0,30,761,0,0,19,0,12,2,4,1,1,2,1,1
0,0,0,0,7,723,0,0,32,0,12,2,2,4,1,2,1,1
0,0,0,0,2,403,0,0,0,0,3,2,10,3,3,2,0,0
3,42,0,0,64,2471,0,0,6,0,5,2,2,2,4,2,0,1
0,0,1,0,21,472,0,0,34,0,11,1,1,1,10,2,0,1
0,0,0,0,38,726,0,0,0,1,5,2,2,4,13,2,1,0
0,0,1,97,143,8060,0,0,0,0,11,2,2,7,2,2,0,0
8,131,0,0,32,5330,0,0,0,0,8,2,2,2,1,2,1,0
0,0,0,0,7,80,0,0,0,0,5,1,1,3,3,2,0,0
1,85,4,208,12,413,0,0,0,0,3,1,1,1,2,2,0,0
13,442,6,164,107,4928,0,0,1,0,11,3,2,1,2,2,0,1
0,0,0,0,26,553,0,0,35,0,5,2,5,3,4,2,0,1
3,453,3,493,36,1199,0,0,9,0,5,6,2,2,4,2,0,0
12,418,2,85,127,6931,0,0,2,1,5,2,2,5,6,2,1,0
2,57,0,0,16,1226,0,0,143,0,12,2,2,9,2,0,1,1
4,68,0,0,44,2498,0,0,11,0,10,2,2,4,1,2,0,1
0,0,0,0,26,655,0,0,0,0,3,1,1,8,3,2,0,0
2,27,0,0,18,915,0,0,0,0,3,2,2,4,1,2,0,0
0,0,0,0,2,40,0,0,0,0,5,3,2,3,4,2,0,0
7,150,0,0,28,549,0,0,2,0,5,1,1,1,2,2,0,1
4,182,0,0,15,484,0,0,0,0,5,2,6,9,3,2,0,0
0,0,0,0,8,70,0,0,0,0,3,1,2,8,1,2,0,0
0,0,0,0,22,2715,0,0,54,0,5,2,2,4,2,0,0,1
7,237,1,0,37,1302,0,0,0,0,12,3,2,2,2,2,0,1
0,0,0,0,4,87,0,0,0,0,11,1,1,4,10,2,1,1
5,140,0,0,81,2408,0,0,23,0,10,2,4,1,2,2,0,1
6,60,0,0,4,34,0,0,0,0,5,2,2,9,5,0,0,0
0,0,2,21,43,1825,0,0,0,0,11,2,6,1,2,2,1,0
0,0,0,0,2,252,0,0,0,0,10,2,5,9,13,2,1,0
0,0,0,0,12,896,0,0,14,0,5,2,5,1,5,2,0,1
7,125,1,44,54,2240,0,0,21,0,7,2,2,6,1,2,0,1
0,0,0,0,13,973,0,0,0,0,3,2,2,1,1,2,1,0
9,576,0,0,57,1878,0,0,5,0,11,2,2,4,8,0,0,1
0,0,0,0,10,355,0,0,0,0,5,2,4,7,6,2,0,0
3,26,0,0,19,576,0,0,30,0,3,2,2,2,1,2,1,1
0,0,0,0,5,43,0,0,0,0,7,2,2,3,13,2,1,0
0,0,0,0,8,846,0,0,33,0,7,2,2,1,2,2,0,1
0,0,0,0,16,318,0,0,0,0,11,2,2,7,1,2,0,1
0,0,0,0,1,0,0,0,0,0,2,1,1,1,3,2,0,0
2,199,0,0,10,155,0,0,0,0,5,2,2,3,1,2,0,0
3,343,0,0,63,1108,0,0,7,0,8,2,10,1,2,2,0,1
0,0,0,0,38,624,0,0,0,0,11,4,1,9,3,2,0,0
0,0,1,0,8,165,0,0,0,0,5,1,1,1,1,2,0,0
9,559,0,0,126,4558,0,0,0,0,11,2,2,3,2,2,0,0
11,554,0,0,34,1466,0,0,10,0,11,1,1,3,8,0,1,1
1,32,0,0,18,299,0,0,19,0,5,2,2,5,1,2,1,1
3,86,0,0,30,2623,0,0,23,0,12,2,5,1,2,0,1,1
8,203,0,0,116,3505,0,0,62,0,11,2,2,1,6,2,0,1
0,0,0,0,3,95,0,0,0,0,11,1,1,9,3,2,0,0
7,119,0,0,25,499,0,0,0,0,11,1,1,1,8,2,0,0
0,0,2,27,40,735,0,0,0,0,12,3,2,3,2,2,0,0
3,285,1,23,56,2915,0,0,80,0,5,2,4,3,3,0,0,1
0,0,0,0,30,1438,0,0,100,0,11,4,1,1,3,2,0,1
1,156,0,0,3,50,0,0,92,0,10,2,2,7,2,2,1,1
8,1592,2,146,14,1722,0,0,0,0,11,4,1,3,8,0,0,1
0,0,0,0,11,326,0,0,0,0,11,1,1,4,3,2,0,0
1,76,0,0,37,821,0,0,0,0,5,2,2,4,4,2,0,0
3,168,0,0,36,1262,0,0,20,0,5,2,2,3,4,2,1,1
3,40,0,0,20,758,0,0,38,0,11,2,2,8,3,2,0,1
7,190,0,0,60,1967,0,0,2,0,12,3,2,8,10,2,1,1
0,0,0,0,22,892,0,0,10,0,5,2,2,7,4,2,1,1
2,197,0,0,17,820,0,0,0,0,12,1,1,1,8,2,0,0
6,94,0,0,92,4212,0,0,6,0,11,1,1,1,2,2,1,1
0,0,0,0,12,366,0,0,287,0,12,2,2,1,2,0,0,1
0,0,0,0,12,335,0,0,0,0,12,1,1,8,10,2,0,0
5,75,0,0,4,35,0,0,0,0,10,2,5,7,2,2,0,0
3,62,0,0,46,1048,0,0,20,0,12,2,2,3,2,2,0,1
1,32,0,0,9,455,0,0,18,0,5,2,2,8,2,2,1,1
0,0,0,0,3,1016,0,0,0,0,3,3,2,5,1,2,0,0
10,363,0,0,59,2012,0,0,54,0,5,1,5,1,4,2,0,0
14,662,2,58,41,854,0,0,10,0,5,3,2,4,4,2,1,1
10,170,0,0,11,71,0,0,0,0,8,2,2,1,2,0,0,0
0,0,0,0,28,363,0,0,0,0,11,2,2,1,3,2,0,0
7,114,1,17,25,874,0,0,54,0,5,2,5,2,4,2,1,1
2,60,0,0,20,717,0,0,60,0,3,2,5,9,2,2,0,1
2,39,1,161,34,1406,0,0,23,0,5,2,2,8,4,2,0,1
2,70,0,0,18,443,0,0,24,0,5,2,5,5,4,0,1,1
3,103,0,0,39,1003,0,0,0,0,8,1,1,1,3,2,0,0
1,537,0,0,14,1383,0,0,9,0,5,2,2,3,1,2,0,1
9,64,3,99,33,768,0,0,41,0,9,2,2,4,2,2,0,0
7,94,2,38,262,6774,0,0,0,0,6,2,5,1,4,2,0,0
3,74,2,26,53,893,0,0,44,0,3,1,1,4,9,2,1,1
0,0,0,0,8,144,0,0,0,0,3,3,2,7,3,2,1,0
0,0,0,0,25,1250,0,0,0,0,5,2,2,3,3,2,0,0
5,117,0,0,35,502,0,0,3,0,3,2,2,2,2,2,0,1
4,183,1,35,15,557,0,0,16,0,5,2,2,2,5,2,0,1
0,0,0,0,10,428,0,0,36,0,5,2,2,5,2,0,0,1
7,48,0,0,9,116,0,0,0,0,5,2,2,1,1,2,0,0
2,96,0,0,5,122,0,0,0,0,5,1,1,1,15,2,1,0
4,406,0,0,55,2570,0,0,0,0,11,3,2,4,2,2,1,0
1,26,0,0,32,1427,0,0,19,0,9,2,4,3,4,2,0,1
0,0,0,0,15,593,0,0,92,0,11,1,8,3,11,2,1,1
2,58,0,0,6,245,0,0,54,1,5,2,2,3,3,2,1,1
0,0,0,0,24,580,0,0,17,0,3,2,2,1,1,2,0,1
3,618,0,0,9,341,0,0,34,0,3,2,2,9,3,0,0,1
0,0,4,147,45,1424,0,0,0,0,12,1,1,3,2,2,1,0
3,59,0,0,10,269,0,0,50,0,5,1,1,1,5,0,1,1
1,32,1,11,43,2949,0,0,0,0,5,3,2,1,13,2,0,0
0,0,0,0,11,1267,0,0,0,0,11,1,8,2,11,0,1,0
9,116,4,208,57,1813,0,0,30,0,11,1,2,1,2,2,0,1
0,0,0,0,21,1077,0,0,0,0,11,3,2,1,10,2,0,0
8,363,0,0,8,345,0,0,13,0,12,2,2,3,3,2,0,1
3,61,1,0,19,381,0,0,8,0,8,1,1,4,1,2,0,1
9,198,7,636,113,3312,0,0,0,0,11,2,2,2,2,2,0,1
0,0,0,0,15,1251,0,0,0,0,11,3,2,1,2,2,1,1
5,218,0,0,5,71,0,0,11,0,10,2,4,7,2,0,0,1
3,21,0,0,19,750,0,0,60,0,11,2,2,2,3,2,0,1
0,0,0,0,75,1289,0,0,11,0,5,2,2,1,4,2,0,1
1,6,0,0,6,45,0,0,0,0,3,1,1,3,3,2,0,0
0,0,0,0,18,588,0,0,0,0,12,3,2,4,1,2,0,0
4,58,2,28,82,4729,0,0,9,0,11,2,2,1,2,2,0,1
0,0,0,0,18,1093,0,0,0,0,11,3,2,3,1,2,0,0
0,0,0,0,11,212,0,0,0,0,11,3,2,5,2,0,0,0
4,76,0,0,2,49,0,0,16,0,10,2,2,6,2,2,0,1
0,0,0,0,2,96,0,0,0,0,11,2,4,3,2,0,0,0
12,217,4,1009,38,1639,0,0,5,0,9,3,2,6,1,2,1,0
0,0,0,0,39,440,0,0,0,0,5,2,5,3,3,2,0,0
0,0,0,0,8,170,0,0,0,0,3,1,1,7,3,2,1,0
5,73,1,55,41,1705,0,0,7,0,5,2,4,2,2,2,0,0
4,155,0,0,60,3086,0,0,0,0,5,2,5,2,1,2,0,0
0,0,0,0,38,907,0,0,23,0,12,2,2,1,2,2,0,1
1,0,0,0,0,0,0,0,0,0,2,1,2,1,5,2,1,0
0,0,0,0,7,431,0,0,0,0,10,2,2,1,2,2,0,0
0,0,0,0,37,918,0,0,0,0,11,1,1,1,2,0,1,1
9,250,5,343,82,5076,0,0,28,0,12,3,2,1,13,2,0,1
0,0,0,0,12,548,0,0,0,0,11,2,2,2,3,2,0,0
0,0,0,0,4,100,0,0,0,0,5,1,8,1,11,2,0,0
1,28,0,0,61,2006,0,0,2,0,8,2,5,3,2,2,0,0
4,157,0,0,20,834,0,0,4,0,12,2,2,1,2,2,0,1
0,0,0,0,63,1320,0,0,0,0,11,2,6,1,2,2,0,0
0,0,0,0,14,2530,0,0,0,0,5,2,2,9,3,2,0,0
0,0,0,0,3,27,0,0,0,0,3,2,2,1,13,2,0,0
5,98,0,0,10,177,0,0,0,0,11,4,2,7,2,2,0,0
0,0,0,0,9,1626,0,0,0,0,11,2,2,3,2,2,0,0
18,167,0,0,37,1113,0,0,0,0,11,2,2,3,2,2,0,0
0,0,0,0,25,674,0,0,0,0,11,2,2,4,8,2,0,0
0,0,0,0,2,205,0,0,0,0,5,3,2,1,13,2,0,0
0,0,0,0,111,1624,0,0,0,0,12,2,2,1,2,2,0,0
0,0,0,0,6,139,0,0,0,0,3,1,2,1,8,0,0,0
19,402,4,116,64,3179,0,0,4,0,3,2,2,2,2,2,0,1
3,38,0,0,5,77,0,0,0,0,5,1,1,5,3,2,0,0
0,0,0,0,7,48,0,0,0,0,5,1,1,6,3,2,0,0
4,54,0,0,74,1599,0,0,67,0,12,2,4,6,2,2,0,1
19,739,1,8,114,4269,0,0,8,0,11,2,2,2,1,2,0,0
2,248,1,0,44,815,0,0,0,0,5,2,2,1,3,2,0,0
0,0,0,0,22,348,0,0,0,0,11,1,8,6,11,2,0,1
4,144,2,52,39,1299,0,0,0,0,11,2,2,1,1,2,0,0
0,0,0,0,1,0,0,0,0,0,12,2,2,8,1,2,0,0
13,205,0,0,10,157,0,0,0,0,10,2,6,2,20,2,1,1
8,173,0,0,162,5721,0,0,17,0,10,2,2,1,1,2,0,0
2,67,2,100,17,1770,0,0,0,0,11,2,2,2,2,2,0,0
6,322,0,0,33,1845,0,0,39,0,7,2,2,1,1,2,0,1
17,698,1,9,83,4306,0,0,0,0,10,7,1,2,1,2,1,1
0,0,0,0,13,490,0,0,11,1,5,1,8,1,11,0,1,1
6,647,6,191,175,10886,0,0,16,0,11,2,2,1,2,2,0,1
0,0,0,0,1,0,0,0,0,0,5,2,2,3,1,2,0,0
1,112,0,0,8,543,0,0,28,0,10,1,1,6,2,0,1,1
0,0,0,0,7,150,0,0,0,0,2,2,2,2,1,2,0,0
0,0,1,0,2,0,0,0,0,0,11,1,1,1,15,2,0,0
9,227,0,0,54,1935,0,0,42,0,12,1,2,1,2,2,0,1
6,97,2,9,58,2293,0,0,6,0,5,2,2,7,4,2,0,1
3,283,4,590,110,5442,0,0,9,0,11,2,2,4,2,2,1,1
3,79,0,0,17,348,0,0,0,0,11,2,2,1,20,2,0,0
6,52,1,24,56,3763,0,0,10,0,3,2,2,1,1,2,0,1
3,371,5,106,85,2128,0,0,43,0,11,1,1,1,2,2,0,1
0,0,0,0,64,1298,0,0,0,0,7,1,1,3,4,2,0,0
2,64,0,0,24,1151,0,0,15,0,12,2,2,3,2,2,0,1
2,31,0,0,13,385,0,0,0,0,9,1,1,1,5,2,0,0
9,181,0,0,116,4426,0,0,84,0,5,2,2,2,6,2,1,1
15,677,0,0,152,3561,0,0,5,0,12,2,2,6,1,2,0,1
0,0,0,0,9,127,0,0,0,0,5,2,7,2,11,2,0,0
1,0,2,23,193,6784,0,0,0,0,11,2,2,7,2,2,1,1
0,0,0,0,9,267,0,0,0,0,12,3,2,8,2,0,1,0
9,904,4,83,132,4096,0,0,8,0,11,3,2,3,2,2,1,1
0,0,0,0,1,0,0,0,0,0,11,3,2,3,10,1,0,0
15,241,1,27,202,10014,0,0,1,0,11,2,2,1,2,2,0,1
0,0,0,0,26,875,0,0,40,0,11,2,2,7,2,2,0,1
5,158,2,15,34,2193,0,0,0,0,11,1,1,1,2,2,1,1
4,40,1,16,9,229,0,0,0,0,10,2,2,6,2,0,0,0
3,123,1,0,22,759,0,0,46,0,11,1,1,3,2,2,0,1
3,21,0,0,23,1053,0,0,0,0,7,3,2,3,4,2,0,0
1,5,0,0,108,2367,0,0,0,0,12,2,2,1,2,0,1,0
12,345,0,0,52,3258,0,0,0,0,5,1,2,2,2,2,1,0
0,0,0,0,24,550,0,0,0,0,11,2,2,1,2,2,0,0
0,0,1,55,63,1462,0,0,22,0,5,2,2,1,5,0,0,1
1,64,0,0,32,1443,0,0,111,0,11,2,2,1,2,2,1,1
5,102,0,0,74,2396,0,0,15,0,3,2,5,6,1,2,0,0
4,115,1,3,16,930,0,0,0,0,11,3,2,6,2,2,0,0
3,82,0,0,33,598,0,0,0,0,9,2,2,2,1,2,0,0
0,0,0,0,1,0,0,0,0,0,11,2,5,2,1,1,0,0
2,194,0,0,14,227,0,0,0,0,11,1,1,4,3,2,0,1
4,80,0,0,326,11945,0,0,0,0,11,2,2,1,2,2,0,1
6,190,6,609,47,2989,0,0,30,0,3,2,2,1,8,0,1,1
2,47,0,0,21,825,0,0,10,0,3,2,2,2,2,0,0,1
8,132,0,0,20,413,0,0,36,0,5,1,1,1,2,2,0,1
0,0,0,0,7,93,0,0,0,0,3,1,1,1,3,2,0,0
1,46,0,0,40,2338,0,0,9,0,11,1,1,1,3,2,0,1
5,263,0,0,3,212,0,0,0,0,3,1,1,9,8,0,0,0
0,0,0,0,9,260,0,0,16,0,5,3,2,6,11,2,0,1
0,0,0,0,15,176,0,0,0,0,11,2,2,1,2,2,0,0
0,0,0,0,2,162,0,0,0,0,5,2,4,1,4,2,0,0
10,117,0,0,28,631,0,0,10,0,3,3,7,1,2,2,0,1
0,0,0,0,6,24,0,0,0,0,5,2,2,7,3,2,0,0
0,0,0,0,7,96,0,0,54,0,11,2,2,1,2,0,0,1
0,0,0,0,1,0,0,0,0,0,5,1,1,1,3,2,0,0
0,0,0,0,6,97,0,0,0,0,3,1,2,1,2,2,1,0
5,256,2,99,4,417,0,0,0,0,9,1,1,6,2,0,0,0
5,47,0,0,58,1660,0,0,12,0,5,2,1,1,3,2,1,0
0,0,0,0,53,1121,0,0,24,0,7,2,4,9,1,2,0,1
1,106,0,0,17,327,0,0,0,0,10,3,2,3,2,0,0,0
0,0,0,0,16,142,0,0,0,0,5,2,2,1,4,2,0,0
0,0,4,112,93,2299,0,0,16,0,8,2,2,1,4,2,0,1
7,405,1,23,21,568,0,0,0,0,10,3,2,6,20,2,1,0
0,0,0,0,19,172,0,0,0,1,5,3,2,1,3,2,1,0
0,0,0,0,42,879,0,0,0,0,5,2,2,2,4,2,1,0
0,0,0,0,7,169,0,0,21,0,7,2,2,7,2,0,0,1
0,0,0,0,20,301,0,0,0,0,12,1,1,1,2,2,0,0
0,0,0,0,1,0,0,0,0,1,5,1,1,4,1,2,1,0
0,0,0,0,8,480,0,0,14,0,11,1,1,2,3,0,1,1
1,41,0,0,9,314,0,0,0,0,3,1,1,6,9,0,1,0
4,47,0,0,16,331,0,0,254,0,5,2,5,1,2,0,0,1
0,0,0,0,5,23,0,0,0,0,3,2,2,1,1,2,0,0
8,129,0,0,70,1438,0,0,0,0,7,2,2,7,1,2,0,0
1,34,0,0,22,722,0,0,0,0,9,2,2,8,1,2,0,0
0,0,0,0,1,0,0,0,0,0,6,1,1,3,2,2,0,0
0,0,0,0,21,1051,0,0,14,0,11,1,8,2,6,0,1,1
0,0,0,0,22,647,0,0,0,1,5,2,2,4,3,2,1,0
2,121,0,0,28,1830,0,0,111,0,12,1,1,6,2,2,1,0
6,99,0,0,83,2585,0,0,6,0,3,2,2,2,2,2,0,1
0,0,0,0,1,0,0,0,0,0,12,2,4,3,1,2,0,0
3,19,0,0,120,3013,0,0,14,0,11,2,5,1,2,2,0,1
0,0,0,0,2,60,0,0,0,0,3,3,2,3,1,2,0,0
0,0,0,0,31,464,0,0,0,0,6,2,2,3,3,2,0,0
4,60,0,0,13,409,0,0,20,0,10,1,1,4,2,0,0,1
0,0,0,0,17,248,0,0,0,0,5,1,1,3,2,2,0,0
0,0,2,43,25,1053,0,0,6,0,5,2,4,5,4,2,1,0
0,0,0,0,6,495,0,0,77,0,3,1,2,9,2,2,1,1
0,0,4,218,25,402,0,0,0,0,11,1,1,1,10,2,0,1
0,0,0,0,24,381,0,0,0,0,11,2,2,1,11,0,1,0
2,13,0,0,17,209,0,0,0,0,6,1,1,3,4,2,0,0
0,0,0,0,12,166,0,0,0,0,11,1,1,1,2,2,1,0
3,112,0,0,15,658,0,0,0,0,11,3,2,6,2,0,0,0
0,0,0,0,5,120,0,0,11,0,6,2,2,1,2,2,0,1
0,0,0,0,11,316,0,0,0,0,2,2,2,2,1,2,0,0
0,0,0,0,39,2034,0,0,0,0,11,2,2,1,2,2,1,1
8,116,4,225,42,539,0,0,0,0,7,1,1,1,4,2,0,1
10,150,0,0,24,304,0,0,0,0,5,1,1,3,2,2,0,0
2,16,0,0,4,60,0,0,0,0,9,2,4,1,3,2,0,1
0,0,0,0,47,1153,0,0,0,0,7,1,1,6,2,2,0,0
1,294,0,0,12,936,0,0,26,0,5,2,2,1,4,2,1,1
1,0,2,30,33,835,0,0,2,0,10,2,5,1,1,2,1,1
1,22,0,0,29,2209,0,0,0,0,11,3,2,8,2,2,0,0
4,159,2,27,33,821,0,0,0,0,12,2,2,1,2,2,0,1
8,227,3,292,66,3025,0,0,7,0,3,3,2,3,6,2,0,1
10,175,1,7,82,2378,0,0,13,0,11,3,2,1,13,2,0,1
3,107,0,0,11,362,0,0,0,0,9,2,2,2,4,2,0,0
9,965,0,0,30,1895,0,0,0,0,12,3,2,3,2,2,1,0
0,0,1,77,58,3757,0,0,0,0,11,2,5,1,1,2,0,1
2,21,0,0,33,968,0,0,0,0,11,3,2,1,8,2,1,0
0,0,0,0,20,447,0,0,0,0,12,1,2,3,2,0,0,1
1,11,0,0,20,1166,0,0,14,0,11,2,2,2,2,2,1,1
0,0,0,0,15,143,0,0,0,0,5,3,2,1,13,2,0,0
3,44,4,376,49,1222,0,0,0,0,12,2,2,2,2,2,1,0
3,48,1,58,35,1698,0,0,93,0,11,4,1,1,2,2,1,1
0,0,0,0,45,801,0,0,0,0,12,2,2,1,2,2,0,0
9,183,2,29,52,2211,0,0,1,0,3,4,2,1,2,2,0,1
0,0,0,0,58,2174,0,0,0,0,11,1,2,1,1,2,1,1
2,30,1,0,24,567,0,0,0,0,12,2,5,1,2,2,0,0
1,25,0,0,10,361,0,0,60,0,12,2,2,1,1,2,0,1
0,0,0,0,43,898,0,0,8,0,11,2,4,1,10,2,0,1
3,92,0,0,24,463,0,0,17,0,3,1,1,1,2,2,0,1
3,78,0,0,27,672,0,0,8,0,5,2,2,4,4,2,0,1
0,0,0,0,4,39,0,0,0,0,8,1,1,1,3,0,0,0
0,0,0,0,1,0,0,0,0,0,11,2,2,7,13,2,0,0
0,0,0,0,19,380,0,0,0,0,11,3,2,4,2,2,0,1
3,33,1,10,45,1142,0,0,0,0,12,2,2,1,2,2,0,0
1,0,0,0,3,121,0,0,36,0,10,2,2,1,4,2,0,1
0,0,1,35,33,782,0,0,23,0,5,2,4,9,2,0,0,1
0,0,3,38,97,1835,0,0,0,0,11,1,1,3,2,2,1,0
0,0,0,0,10,338,0,0,32,0,5,2,2,2,1,2,0,1
0,0,0,0,59,2516,0,0,7,0,5,2,2,3,13,2,0,0
6,233,2,63,60,3135,0,0,0,0,3,3,2,1,10,2,0,0
1,31,0,0,3,32,0,0,0,0,12,2,2,9,2,0,1,0
0,0,0,0,3,32,0,0,0,0,12,2,2,9,3,2,1,0
0,0,0,0,1,0,0,0,0,0,5,3,2,6,3,2,0,0
0,0,0,0,33,1475,0,0,9,0,11,3,2,4,2,2,1,0
0,0,0,0,5,151,0,0,0,0,5,7,1,3,1,2,0,0
7,142,0,0,73,3566,0,0,23,0,10,2,5,3,5,0,0,1
0,0,0,0,12,676,0,0,0,0,11,2,4,1,6,2,0,0
0,0,0,0,10,443,0,0,38,0,5,2,5,3,4,2,1,1
3,17,0,0,15,810,0,0,0,0,11,2,2,3,11,2,1,0
5,277,0,0,25,884,0,0,7,0,7,2,10,2,2,0,1,1
3,72,2,523,8,178,0,0,0,0,11,1,1,1,3,2,0,0
7,127,0,0,12,107,0,0,0,0,11,1,1,4,2,0,1,0
8,974,0,0,32,1003,0,0,16,0,12,2,10,7,2,0,1,1
0,0,0,0,16,865,0,0,93,0,12,1,1,1,2,0,1,1
1,29,0,0,50,1831,0,0,52,0,12,2,4,3,8,2,0,1
0,0,3,482,44,2453,0,0,48,0,5,1,1,8,2,2,1,1
1,35,1,49,11,1464,0,0,32,0,5,2,2,4,4,2,0,1
0,0,0,0,3,81,0,0,0,0,3,1,1,1,1,2,0,0
0,0,0,0,1,0,0,0,0,0,11,1,1,3,8,2,0,0
1,116,0,0,22,1245,0,0,27,0,5,1,1,3,4,2,1,1
0,0,0,0,5,43,0,0,0,0,9,2,2,1,2,2,0,0
1,14,0,0,46,1380,0,0,0,0,3,4,1,1,1,2,0,0
16,284,0,0,276,4758,0,0,27,0,5,4,1,3,1,2,1,1
0,0,0,0,29,830,0,0,0,0,5,3,2,6,13,2,0,0
6,218,0,0,24,1737,0,0,23,0,11,1,1,6,10,2,1,1
6,91,0,0,56,955,0,0,0,0,11,3,2,4,2,2,1,1
1,15,0,0,11,201,0,0,31,0,6,2,2,5,2,2,0,1
0,0,0,0,5,150,0,0,0,0,8,1,1,1,2,2,0,0
7,105,2,139,98,3452,0,0,0,0,11,4,1,1,3,2,0,0
2,353,0,0,24,2874,0,0,0,0,5,2,2,3,6,2,0,0
0,0,0,0,15,614,0,0,0,0,5,1,1,1,15,2,0,0
0,0,0,0,4,157,0,0,0,0,11,2,4,9,2,2,0,0
0,0,0,0,12,274,0,0,0,0,11,2,2,1,1,2,0,0
0,0,0,0,2,3,0,0,0,0,5,2,10,3,1,2,0,0
4,71,0,0,21,295,0,0,0,0,7,2,10,3,2,2,1,1
1,0,0,0,0,0,0,0,0,0,5,1,1,1,2,2,0,0
0,0,0,0,6,89,0,0,0,0,11,2,10,3,3,2,0,0
0,0,0,0,21,1296,0,0,70,0,5,2,2,1,2,2,0,1
7,164,1,28,115,3427,0,0,4,0,11,2,2,4,10,2,0,1
6,408,0,0,33,878,0,0,19,0,3,2,2,1,2,2,0,1
0,0,0,0,13,541,0,0,26,0,12,2,4,1,2,0,0,1
0,0,0,0,3,402,0,0,0,0,11,4,2,3,2,2,0,1
0,0,1,0,44,2807,0,0,0,0,11,1,1,4,2,2,0,1
2,46,0,0,16,463,0,0,46,0,9,2,2,7,2,2,0,1
0,0,0,0,2,139,0,0,0,0,5,2,2,1,4,2,0,0
1,47,1,3,42,1462,0,0,7,0,5,2,2,6,4,2,0,1
4,68,2,845,82,2448,0,0,6,0,3,1,1,2,2,2,0,1
0,0,0,0,13,261,0,0,0,0,9,1,1,1,3,2,0,0
0,0,0,0,25,1017,0,0,0,0,8,3,2,4,1,2,1,0
3,32,0,0,81,1199,0,0,0,0,9,2,2,2,1,2,1,1
10,261,1,55,122,3411,0,0,0,0,11,2,2,1,13,2,0,1
1,25,0,0,35,1570,0,0,13,0,5,2,2,6,4,2,1,1
0,0,0,0,10,693,0,0,40,0,5,2,2,1,4,0,0,1
6,71,0,0,47,1532,0,0,27,0,3,2,2,1,1,2,0,1
0,0,0,0,9,242,0,0,0,0,11,2,5,7,2,2,0,0
14,352,2,759,64,3660,0,0,9,0,11,3,2,3,2,2,1,1
9,283,0,0,38,1166,0,0,18,0,11,1,1,9,20,0,0,1
9,666,0,0,29,2061,0,0,3,0,5,2,2,1,1,2,0,0
0,0,0,0,4,2528,0,0,0,0,3,2,2,9,1,2,1,0
0,0,0,0,10,408,0,0,88,0,3,2,2,1,2,2,0,1
2,20,0,0,15,1839,0,0,0,0,11,2,2,9,2,2,0,0
5,471,0,0,21,883,0,0,44,0,11,1,1,2,8,0,1,1
7,606,1,33,26,631,0,0,0,0,3,1,1,7,2,2,0,0
13,313,4,516,132,3083,0,0,8,0,5,2,5,3,4,2,0,0
6,545,3,204,69,1182,0,0,19,0,11,2,2,1,13,2,1,1
2,14,0,0,29,1082,0,0,84,0,11,2,5,3,2,0,0,1
4,63,0,0,13,774,0,0,0,0,11,2,2,6,2,2,0,1
6,254,0,0,48,1740,0,0,0,0,11,1,1,3,2,0,0,1
1,5,0,0,6,119,0,0,0,0,7,2,2,1,2,0,0,1
0,0,0,0,8,141,0,0,0,0,12,1,2,1,1,2,1,0
0,0,0,0,6,36,0,0,0,0,3,4,1,1,3,2,1,0
0,0,0,0,33,889,0,0,8,0,10,2,2,3,2,2,0,1
1,54,0,0,4,111,0,0,0,0,8,3,2,3,1,2,0,0
0,0,0,0,47,1580,0,0,3,0,5,2,5,3,2,2,0,1
1,4,0,0,14,333,0,0,24,0,5,3,2,2,6,0,0,1
2,1668,4,35,18,1372,0,0,41,0,12,2,2,1,6,2,0,1
1,8,0,0,14,269,0,0,0,0,3,2,2,3,1,2,0,0
5,243,1,415,20,1267,0,0,91,0,3,1,1,3,1,2,0,1
17,346,3,207,292,8282,0,0,13,0,11,2,2,1,2,2,1,0
2,32,1,70,16,504,0,0,9,0,3,2,2,3,8,2,0,0
8,456,0,0,35,1113,0,0,12,0,10,2,5,2,2,2,0,1
0,0,0,0,1,695,0,0,0,0,11,2,2,4,1,2,0,0
11,192,0,0,186,6975,0,0,14,0,11,1,1,3,2,2,0,1
0,0,0,0,25,952,0,0,23,0,11,2,2,3,11,2,0,1
1,49,0,0,4,2210,0,0,0,0,5,1,1,1,3,2,1,0
0,0,0,0,6,151,0,0,0,0,12,1,8,4,6,2,0,0
1,2,0,0,61,1335,0,0,20,0,11,4,4,1,2,2,1,1
0,0,0,0,42,1892,0,0,0,0,11,1,1,1,13,2,1,1
0,0,0,0,17,840,0,0,109,0,3,2,2,9,2,0,0,1
2,337,0,0,2,8,0,0,0,0,11,2,2,1,2,0,0,1
9,122,0,0,167,3890,0,0,0,0,7,2,2,1,2,2,0,0
0,0,0,0,2,0,0,0,0,0,3,3,2,4,1,2,0,0
5,188,0,0,25,1189,0,0,36,0,5,2,10,1,4,2,0,1
10,471,0,0,171,5830,0,0,0,0,10,2,10,4,2,2,0,1
0,0,0,0,10,349,0,0,88,0,10,3,2,1,20,2,1,1
0,0,0,0,3,0,0,0,0,0,11,3,2,1,13,2,0,0
0,0,0,0,2,30,0,0,21,0,10,1,8,6,20,2,1,1
2,28,0,0,12,224,0,0,44,0,3,3,2,6,2,2,0,1
18,1012,6,114,106,3163,0,0,1,0,11,3,2,6,13,2,0,0
0,0,0,0,16,381,0,0,0,0,11,3,2,1,2,2,0,0
0,0,0,0,15,489,0,0,0,0,12,1,1,1,2,0,0,0
0,0,0,0,13,313,0,0,0,0,3,1,1,1,3,2,0,0
0,0,0,0,2,21,0,0,0,0,6,2,2,5,1,2,0,0
1,39,0,0,26,1210,0,0,2,0,11,4,2,1,1,2,0,1
4,74,0,0,32,1367,0,0,50,0,5,3,2,1,2,2,1,1
1,17,0,0,17,1340,0,0,0,0,11,3,2,1,2,2,0,1
0,0,0,0,2,0,0,0,0,0,12,1,1,2,1,2,1,0
7,122,3,40,111,3154,0,0,2,0,12,2,2,1,1,2,1,1
0,0,0,0,15,729,0,0,0,0,11,3,2,1,8,0,1,0
5,543,6,320,20,2039,0,0,25,0,5,2,2,1,2,2,0,1
1,45,0,0,15,114,0,0,0,0,7,2,2,3,4,0,0,0
2,25,0,0,7,181,0,0,0,0,12,2,2,1,2,2,0,0
3,133,4,191,15,443,0,0,0,0,5,1,1,3,6,2,0,0
1,14,0,0,4,65,0,0,0,0,3,2,4,3,1,2,0,0
0,0,0,0,40,4175,0,0,0,1,5,2,2,1,3,2,1,0
0,0,0,0,64,1558,0,0,0,0,11,2,4,3,2,2,0,1
1,5,0,0,41,764,0,0,0,0,6,2,2,1,4,2,0,0
1,48,0,0,35,668,0,0,36,0,11,2,4,1,3,2,0,1
6,198,2,89,148,8178,0,0,6,0,11,2,2,1,1,2,0,1
0,0,0,0,8,332,0,0,14,0,11,1,2,4,8,0,1,1
5,241,0,0,5,244,0,0,0,0,11,2,2,4,1,2,1,0
3,555,0,0,58,2034,0,0,0,0,11,2,2,1,1,2,0,1
0,0,0,0,53,3575,0,0,119,0,11,2,5,6,2,2,0,1
5,50,0,0,234,5246,0,0,21,0,11,2,2,3,3,2,0,1
0,0,0,0,12,337,0,0,19,0,12,2,5,4,1,2,1,1
4,15,1,17,17,490,0,0,15,0,3,2,2,4,10,2,0,1
7,96,3,313,65,2091,0,0,6,0,5,3,2,3,4,2,1,0
4,319,1,21,33,1829,0,0,16,0,5,2,4,7,2,2,0,1
2,98,0,0,81,2628,0,0,0,0,12,2,1,1,2,2,0,1
15,317,3,126,238,9956,0,0,6,0,11,2,4,3,1,2,1,1
2,20,0,0,7,114,0,0,0,0,10,2,2,1,1,2,0,0
0,0,0,0,6,529,0,0,44,0,12,2,2,2,1,2,0,1
6,224,0,0,21,845,0,0,0,0,12,8,13,9,20,1,0,0
5,86,0,0,11,396,0,0,0,0,11,3,2,3,8,0,1,0
2,29,1,0,9,536,0,0,37,0,5,2,2,3,4,0,0,1
5,140,4,282,4,213,0,0,0,0,11,3,2,1,2,0,0,1
5,1652,0,0,15,446,0,0,0,0,12,8,13,9,20,1,0,0
0,0,0,0,6,98,0,0,0,0,9,3,2,1,2,2,1,0
5,248,0,0,12,1581,0,0,63,0,12,2,2,1,8,2,0,0
0,0,0,0,84,2524,0,0,0,0,11,2,2,1,3,2,0,1
3,27,0,0,21,898,0,0,10,0,5,2,2,1,3,2,0,1
0,0,0,0,36,1166,0,0,4,0,3,1,1,1,3,2,1,1
0,0,0,0,20,1413,0,0,0,0,6,1,2,3,1,2,1,0
4,41,0,0,50,2428,0,0,9,0,11,2,5,3,3,2,1,0
0,0,0,0,3,1666,0,0,0,0,11,2,5,3,3,2,0,0
0,0,0,0,14,825,0,0,50,0,8,2,2,8,4,2,0,1
5,227,0,0,17,528,0,0,0,0,3,1,1,1,9,2,1,0
0,0,0,0,1,0,0,0,0,0,11,2,6,1,3,2,0,0
0,0,1,0,24,2244,0,0,0,0,3,2,2,1,1,2,0,0
11,1305,4,629,27,1161,0,0,12,0,10,1,2,3,20,2,0,1
4,115,0,0,46,2557,0,0,44,0,10,2,2,1,2,2,0,1
0,0,0,0,23,566,0,0,0,0,11,3,2,1,13,2,0,0
4,74,0,0,37,2517,0,0,0,0,3,3,2,2,1,2,1,0
3,29,0,0,189,7190,0,0,39,0,11,2,2,1,2,2,0,1
0,0,0,0,48,691,0,0,0,0,11,3,2,3,3,2,0,0
0,0,0,0,4,46,0,0,0,0,11,1,1,1,2,2,0,1
0,0,0,0,13,710,0,0,72,0,11,1,1,2,2,2,0,1
0,0,0,0,6,127,0,0,0,0,5,2,2,3,4,2,0,0
9,178,3,183,7,205,0,0,0,0,7,2,2,1,2,0,0,0
1,14,1,19,49,1527,0,0,8,0,5,2,2,9,3,2,0,1
1,7,0,0,27,1739,0,0,0,0,7,2,2,7,1,2,0,0
6,152,0,0,17,450,0,0,14,0,11,1,8,3,11,2,0,1
0,0,0,0,10,206,0,0,0,0,3,2,2,1,1,2,0,0
3,25,1,0,15,2026,0,0,0,0,5,4,1,1,1,2,0,0
1,4,0,0,20,471,0,0,32,0,7,1,1,1,4,2,0,1
1,10,0,0,32,1277,0,0,78,0,12,8,13,9,20,1,0,1
0,0,0,0,8,335,0,0,0,0,11,3,12,1,1,2,0,1
8,398,0,0,50,1483,0,0,19,0,5,2,2,2,4,2,0,0
0,0,0,0,12,554,0,0,49,0,5,2,4,5,2,0,0,1
4,118,1,8,62,2910,0,0,25,0,11,3,2,1,2,2,0,1
2,20,0,0,60,1521,0,0,16,0,11,2,4,1,2,2,0,1
0,0,1,257,31,1906,0,0,22,0,5,2,2,2,11,2,0,1
0,0,0,0,3,88,0,0,0,0,11,3,2,1,3,2,1,0
6,175,0,0,3,27,0,0,0,0,7,2,10,3,5,0,0,0
12,202,0,0,175,4877,0,0,0,0,11,2,2,4,2,2,1,1
0,0,0,0,30,986,0,0,0,0,5,2,4,3,3,2,0,0
0,0,0,0,37,1089,0,0,0,0,12,4,2,1,2,0,0,0
0,0,0,0,12,146,0,0,0,0,7,2,2,1,1,2,0,0
1,75,0,0,19,1773,0,0,28,0,11,2,2,1,13,2,0,1
2,268,2,84,46,1679,0,0,0,0,11,3,2,1,13,2,1,0
0,0,2,66,27,875,0,0,0,0,5,4,2,1,2,2,1,0
6,127,0,0,162,5509,0,0,0,0,11,2,2,1,1,2,0,0
1,464,0,0,19,1834,0,0,0,0,3,2,2,2,10,2,0,0
2,116,0,0,5,170,0,0,88,0,11,2,2,7,2,0,0,1
0,0,1,0,45,1165,0,0,7,0,10,2,2,5,1,2,0,1
1,114,0,0,10,951,0,0,0,0,9,3,2,6,1,2,0,0
0,0,0,0,10,851,0,0,0,0,12,2,2,2,1,2,0,0
2,21,1,802,48,2073,0,0,0,0,11,2,2,3,2,2,1,0
1,150,0,0,18,635,0,0,57,0,11,2,2,1,2,0,1,1
0,0,0,0,12,499,0,0,86,0,5,2,2,6,2,0,1,1
0,0,0,0,2,697,0,0,0,0,12,4,1,3,1,2,0,0
1,42,0,0,10,1057,0,0,0,0,5,3,2,8,15,0,1,0
0,0,0,0,1,0,0,0,0,0,3,2,2,1,1,2,0,0
6,240,2,201,237,9437,0,0,1,0,6,2,4,3,1,2,0,1
7,53,5,199,77,2194,0,0,44,0,11,2,2,2,2,2,0,1
0,0,1,0,10,326,0,0,0,0,5,1,1,4,1,2,1,0
0,0,0,0,8,724,0,0,5,0,11,1,1,3,1,2,0,1
3,515,0,0,29,3229,0,0,15,0,5,1,1,1,1,2,0,1
4,85,0,0,39,681,0,0,0,0,5,1,1,7,3,2,0,0
2,38,0,0,11,713,0,0,113,0,5,2,2,1,2,2,0,1
2,10,5,53,37,1578,0,0,0,0,5,2,2,7,4,2,0,0
0,0,0,0,8,1231,0,0,0,0,12,3,2,1,3,2,0,0
5,141,0,0,33,1371,0,0,44,0,3,2,4,3,8,0,1,1
0,0,0,0,10,421,0,0,0,0,11,1,1,1,4,2,0,0
0,0,0,0,22,1327,0,0,0,0,11,2,2,1,2,0,1,1
3,53,1,77,198,3057,0,0,11,0,5,4,1,5,1,2,1,1
0,0,0,0,15,1134,0,0,30,0,12,2,4,1,2,2,0,1
3,58,0,0,9,229,0,0,0,0,5,1,8,3,1,2,1,0
2,27,3,245,28,524,0,0,20,0,10,2,2,7,1,2,0,1
0,0,0,0,36,808,0,0,53,0,5,2,2,6,4,2,0,1
0,0,0,0,7,55,0,0,0,0,3,2,2,1,1,2,0,0
3,143,0,0,63,2801,0,0,9,0,11,3,2,1,2,2,0,1
0,0,0,0,11,357,0,0,0,0,12,2,2,7,2,2,1,0
1,10,0,0,25,583,0,0,71,0,10,1,1,1,2,2,0,1
12,337,2,23,32,1249,0,0,0,0,12,2,2,1,2,2,0,0
0,0,0,0,21,344,0,0,13,0,10,1,1,3,2,2,0,1
6,100,0,0,4,60,0,0,0,0,9,2,4,7,2,0,0,1
8,89,3,20,84,1854,0,0,3,0,7,2,2,7,1,2,0,0
7,144,4,167,111,2312,0,0,8,0,11,1,1,1,2,2,0,1
6,90,0,0,10,384,0,0,0,0,8,1,2,3,2,0,1,0
0,0,0,0,2,0,0,0,0,0,5,1,1,1,3,2,0,0
2,62,0,0,43,1253,0,0,41,0,11,3,2,9,2,2,0,0
2,8,0,0,11,543,0,0,0,0,3,2,2,3,13,2,0,0
1,5,0,0,63,1405,0,0,8,0,11,2,2,1,1,2,0,1
5,32,0,0,70,939,0,0,0,0,8,2,4,1,5,0,1,1
5,248,0,0,131,6225,0,0,7,0,11,2,2,2,2,2,1,1
1,9,0,0,19,734,0,0,0,0,3,2,10,1,1,2,0,0
7,238,7,300,33,1801,0,0,8,0,5,2,1,1,4,2,1,0
6,229,2,40,71,2576,0,0,0,0,10,1,1,2,1,2,1,0
0,0,0,0,95,3208,0,0,5,0,11,2,2,1,1,2,0,1
2,93,3,808,33,1310,0,0,0,0,5,2,2,6,4,2,0,0
2,165,0,0,87,3220,0,0,0,0,6,2,5,8,1,2,0,1
22,474,3,167,92,2324,0,0,7,0,11,3,2,2,13,2,0,1
0,0,0,0,67,4290,0,0,0,0,5,2,2,6,4,2,0,0
8,102,0,0,83,1495,0,0,82,0,5,4,1,7,4,0,1,1
0,0,0,0,3,20,0,0,0,0,5,2,2,1,4,2,0,0
7,91,1,0,95,2900,0,0,4,0,11,2,2,1,2,2,1,1
16,381,3,199,86,1618,0,0,3,0,7,3,2,8,4,2,0,1
0,0,0,0,21,1088,0,0,16,0,11,3,2,1,2,2,1,1
2,44,0,0,137,7012,0,0,0,0,11,1,1,1,10,2,1,1
4,102,2,79,133,3713,0,0,28,0,11,3,2,1,6,2,1,0
6,89,3,12,75,5378,0,0,4,0,5,2,2,8,3,2,0,1
4,46,0,0,2,22,0,0,0,0,11,2,2,6,2,0,1,1
6,186,2,100,11,347,0,0,0,0,8,3,2,4,5,2,0,1
0,0,2,861,12,2250,0,0,0,0,11,1,1,3,2,2,1,0
8,121,3,273,100,2565,0,0,0,0,11,2,2,7,13,2,1,0
1,37,0,0,14,387,0,0,0,0,10,1,8,3,1,2,0,0
0,0,0,0,28,690,0,0,0,0,11,2,2,6,2,2,1,0
20,1307,3,132,517,27009,0,0,8,0,11,1,1,1,2,2,0,1
0,0,0,0,15,309,0,0,0,0,5,2,2,6,4,2,0,0
0,0,0,0,11,1160,0,0,20,0,5,2,2,1,4,0,0,1
0,0,0,0,1,0,0,0,0,0,5,2,2,6,13,2,0,0
4,92,2,28,29,852,0,0,0,0,8,2,5,8,5,2,0,1
0,0,1,35,130,3313,0,0,0,0,11,2,2,1,2,2,1,0
2,303,0,0,13,181,0,0,0,0,10,1,1,3,2,2,1,0
2,25,0,0,162,8596,0,0,1,0,12,2,2,5,2,2,0,0
0,0,1,37,15,497,0,0,0,0,3,1,1,2,1,2,0,0
3,40,0,0,5,189,0,0,0,0,12,1,8,3,11,2,1,0
4,88,2,546,37,2304,0,0,14,0,11,2,2,9,2,0,0,1
0,0,0,0,32,1297,0,0,42,0,11,2,2,3,7,2,0,1
7,229,0,0,33,760,0,0,51,0,11,2,2,3,2,0,0,1
5,150,0,0,23,659,0,0,0,0,11,3,2,1,1,2,0,1
1,12,0,0,45,591,0,0,0,0,9,2,2,1,2,2,0,1
0,0,0,0,4,82,0,0,0,0,3,3,2,1,3,2,0,0
2,20,0,0,66,3391,0,0,0,0,12,3,2,8,1,2,0,0
5,36,0,0,237,6817,0,0,3,0,11,2,2,1,3,2,0,1
1,8,0,0,16,2227,0,0,0,0,9,2,2,1,5,0,0,1
2,25,0,0,36,1445,0,0,0,1,5,3,3,3,2,2,1,0
0,0,0,0,8,222,0,0,53,0,5,1,1,1,2,0,1,1
0,0,0,0,59,3033,0,0,0,0,11,1,2,3,2,2,0,0
0,0,0,0,9,329,0,0,38,0,12,3,2,4,1,2,0,1
1,54,0,0,6,210,0,0,0,0,3,2,2,1,8,0,0,0
0,0,1,141,43,3044,0,0,3,0,12,2,4,1,10,2,0,1
10,318,9,991,216,7761,0,0,1,0,11,2,6,2,2,2,1,1
4,900,0,0,14,1957,0,0,105,0,12,1,1,3,10,2,0,1
0,0,0,0,3,71,0,0,0,0,11,3,2,1,3,2,0,1
10,229,0,0,27,760,0,0,41,0,11,2,2,3,10,2,0,1
8,315,4,382,31,1314,0,0,37,0,10,1,1,1,4,2,0,1
3,76,0,0,55,2846,0,0,0,0,7,2,2,1,13,2,0,0
0,0,0,0,28,1028,0,0,0,0,3,2,4,1,2,2,0,0
0,0,0,0,21,499,0,0,0,0,11,2,4,3,10,2,0,1
4,108,0,0,23,411,0,0,31,0,9,1,1,3,2,2,0,1
2,18,0,0,15,756,0,0,29,0,3,2,10,3,1,2,0,1
5,136,0,0,45,1424,0,0,10,0,11,2,2,6,2,2,1,1
0,0,0,0,1,0,0,0,0,0,5,3,2,3,13,2,0,0
10,1005,0,0,36,2111,0,0,11,0,2,2,6,1,2,2,0,1
1,10,0,0,7,525,0,0,0,0,3,2,4,4,8,2,0,0
0,0,0,0,1,0,0,0,0,0,11,2,2,3,1,2,0,0
0,0,0,0,5,277,0,0,42,0,11,2,2,3,2,2,0,1
0,0,5,924,45,3198,0,0,32,0,10,2,6,4,2,2,0,1
2,104,0,0,48,2307,0,0,4,0,10,1,1,4,1,2,1,0
2,11,3,123,34,448,0,0,0,0,3,2,10,6,1,2,0,0
5,46,0,0,35,539,0,0,39,0,5,2,2,3,6,2,1,1
0,0,0,0,9,171,0,0,0,0,11,2,2,2,13,2,0,0
1,38,0,0,23,1483,0,0,7,0,3,3,2,6,1,2,0,1
1,702,0,0,38,2193,0,0,9,0,3,1,1,2,2,2,0,1
1,59,0,0,73,891,0,0,258,0,9,2,2,3,2,0,0,1
1,47,0,0,123,3944,0,0,3,0,11,2,2,1,2,2,0,0
1,10,0,0,12,220,0,0,60,0,11,1,1,1,8,0,1,1
0,0,0,0,12,241,0,0,0,1,5,3,2,6,4,2,1,0
6,34,0,0,44,1820,0,0,15,0,5,2,2,4,6,2,0,0
0,0,0,0,12,846,0,0,40,0,12,2,6,1,6,0,0,1
7,78,5,120,87,1363,0,0,30,0,5,2,2,3,2,2,0,1
0,0,0,0,20,968,0,0,73,0,12,1,2,1,1,2,0,1
2,79,0,0,47,1366,0,0,21,0,12,2,2,1,2,0,0,0
3,31,0,0,2,48,0,0,0,0,11,1,1,1,2,0,0,0
0,0,0,0,22,346,0,0,12,0,5,2,2,7,2,2,0,1
0,0,0,0,40,1085,0,0,0,0,12,2,2,6,1,2,0,0
0,0,0,0,8,459,0,0,26,0,5,2,4,3,2,2,0,1
1,30,0,0,21,204,0,0,0,0,5,3,2,8,4,2,1,0
5,60,0,0,5,50,0,0,0,0,12,8,13,9,20,1,1,1
2,17,0,0,15,1349,0,0,0,0,3,2,2,1,1,2,0,0
0,0,0,0,13,334,0,0,0,0,2,1,1,1,4,2,1,0
7,327,4,260,42,443,0,0,18,0,7,2,4,6,1,2,0,1
7,167,6,135,155,4263,0,0,112,0,11,1,2,1,2,2,0,1
1,6,0,0,15,579,0,0,63,0,12,1,1,4,2,0,0,1
1,0,1,34,69,3051,0,0,0,0,10,2,4,9,3,2,0,0
0,0,0,0,3,0,0,0,0,0,11,1,8,9,1,2,1,0
6,149,3,267,120,3934,0,0,8,0,11,2,2,4,2,2,1,0
3,91,4,333,132,3041,0,0,0,0,11,2,2,1,2,2,0,1
2,40,0,0,4,55,0,0,0,0,5,4,2,1,13,2,0,0
6,141,2,1060,136,8777,0,0,21,0,12,3,2,1,2,2,0,1
2,75,0,0,26,2058,0,0,8,0,11,1,1,9,8,0,0,1
3,78,0,0,2,18,0,0,0,0,7,3,2,3,2,0,1,1
6,30,3,45,38,1481,0,0,0,0,11,2,2,4,10,2,0,1
0,0,0,0,14,1131,0,0,94,0,11,3,2,3,11,2,1,1
7,67,2,725,101,4713,0,0,20,0,5,1,1,6,3,2,1,1
0,0,0,0,3,0,0,0,0,0,11,1,1,4,10,2,1,0
9,151,0,0,54,2446,0,0,1,0,11,3,2,1,3,2,1,1
3,118,0,0,17,694,0,0,27,0,3,3,2,1,2,2,1,1
1,0,0,0,37,1731,0,0,17,0,11,2,2,1,2,0,0,1
2,152,0,0,13,241,0,0,0,0,9,1,1,1,2,0,0,0
0,0,0,0,41,647,0,0,0,0,5,2,2,6,1,2,0,0
0,0,0,0,13,303,0,0,239,0,5,2,2,5,2,2,0,1
0,0,0,0,3,208,0,0,0,0,5,3,2,2,13,2,0,0
3,180,0,0,12,1436,0,0,27,0,3,2,2,2,2,2,1,1
0,0,0,0,6,149,0,0,0,0,5,2,2,1,13,2,0,0
1,32,0,0,50,2867,0,0,153,0,3,2,2,7,8,2,1,1
4,44,0,0,90,6951,0,0,0,0,2,4,1,1,3,2,0,0
10,720,2,88,220,10580,0,0,0,0,11,2,2,1,1,2,0,0
9,162,0,0,32,1162,0,0,47,0,11,1,2,1,8,2,0,1
1,19,1,14,74,2408,0,0,0,0,11,2,2,1,2,2,0,0
4,98,0,0,9,281,0,0,0,0,12,1,1,3,2,2,0,0
2,9,4,31,401,12433,0,0,0,0,11,2,2,1,2,2,0,1
1,55,0,0,28,630,0,0,12,0,9,2,4,7,4,2,1,1
0,0,0,0,1,0,0,0,0,0,3,3,2,3,1,2,1,0
14,286,2,118,31,835,0,0,33,0,11,2,2,7,2,2,0,1
0,0,0,0,3,105,0,0,0,0,2,3,2,1,5,2,0,0
4,85,0,0,3,43,0,0,0,0,12,1,1,1,8,0,1,0
3,281,2,6,83,2616,0,0,0,0,11,2,2,3,2,2,1,1
0,0,0,0,16,1027,0,0,0,0,3,1,1,1,3,2,0,0
15,290,2,302,49,2011,0,0,10,0,11,1,1,2,2,2,0,0
0,0,0,0,12,544,0,0,0,0,11,2,2,2,1,2,0,0
8,400,0,0,27,952,0,0,0,0,8,1,8,1,6,0,0,1
10,295,0,0,29,785,0,0,34,0,5,2,2,5,4,2,1,1
0,0,0,0,50,694,0,0,0,0,12,2,4,3,1,2,0,0
5,93,0,0,38,689,0,0,34,0,10,2,2,2,2,0,1,1
0,0,0,0,16,154,0,0,0,0,3,2,4,7,1,2,0,0
2,33,1,91,31,1271,0,0,1,0,3,1,8,4,1,2,0,1
0,0,2,386,36,1609,0,0,12,0,11,2,2,3,3,2,0,1
2,95,0,0,14,262,0,0,0,0,11,1,1,4,2,0,0,0
5,175,0,0,12,276,0,0,0,0,12,3,2,1,3,2,0,1
3,45,0,0,42,1288,0,0,0,0,5,2,5,1,4,2,0,0
0,0,0,0,26,852,0,0,0,1,5,3,2,4,1,2,1,0
5,134,3,16,165,6323,0,0,3,0,11,1,1,1,2,2,0,1
1,30,0,0,7,157,0,0,0,0,3,2,2,3,3,0,0,0
8,176,1,141,20,651,0,0,19,0,11,2,2,4,2,2,0,1
0,0,0,0,4,50,0,0,0,0,5,2,2,8,4,2,0,0
16,301,4,886,78,5097,0,0,7,0,11,3,2,2,2,2,1,1
0,0,2,82,134,4772,0,0,5,0,11,1,2,1,2,2,0,1
0,0,3,16,35,1621,0,0,0,0,11,2,2,1,2,2,1,0
8,97,0,0,24,498,0,0,5,0,10,2,2,1,2,2,0,1
1,492,0,0,63,4518,0,0,8,0,11,2,2,2,1,2,0,1
0,0,0,0,10,422,0,0,0,0,11,3,2,5,10,2,0,0
3,119,2,696,37,1305,0,0,6,0,8,1,2,8,2,2,1,1
0,0,0,0,7,343,0,0,49,0,11,2,2,2,7,2,1,1
0,0,0,0,15,1559,0,0,0,0,3,2,4,1,1,2,0,0
2,117,0,0,13,309,0,0,0,0,3,2,2,2,2,0,0,0
0,0,0,0,80,801,0,0,0,0,3,2,2,3,1,2,0,0
0,0,0,0,6,313,0,0,0,0,5,2,4,3,1,2,0,0
6,523,2,263,48,2309,0,0,10,0,3,2,2,3,1,2,0,1
0,0,0,0,24,324,0,0,0,0,5,3,2,6,13,2,0,0
0,0,0,0,5,124,0,0,0,0,11,1,1,3,11,2,0,0
0,0,0,0,3,34,0,0,0,0,5,1,1,6,3,2,0,0
4,45,0,0,14,339,0,0,0,0,7,2,2,1,5,0,0,0
2,48,4,121,51,1792,0,0,60,0,11,3,2,1,2,2,1,1
0,0,0,0,19,722,0,0,68,0,5,1,1,5,2,0,0,1
0,0,0,0,20,769,0,0,0,0,5,2,2,1,13,2,0,0
0,0,0,0,1,0,0,0,0,0,3,2,2,4,11,2,0,0
1,56,1,41,87,2504,0,0,0,0,11,1,2,1,11,2,1,0
0,0,0,0,6,268,0,0,0,0,7,2,4,9,6,2,0,0
0,0,0,0,6,81,0,0,0,0,11,2,2,1,3,2,0,1
0,0,0,0,5,219,0,0,0,0,11,1,8,7,6,2,0,0
1,21,0,0,81,2930,0,0,0,0,11,2,2,3,1,2,1,1
0,0,0,0,5,97,0,0,0,0,5,1,1,3,3,2,0,0
14,260,3,186,51,2921,0,0,8,0,11,4,2,7,1,2,1,1
13,493,0,0,22,1525,0,0,25,0,12,3,2,1,1,2,1,1
2,79,3,332,34,1011,0,0,5,0,10,2,2,7,1,2,0,1
0,0,0,0,10,224,0,0,0,0,5,2,2,1,4,2,0,0
0,0,0,0,8,1066,0,0,9,0,11,1,8,4,11,2,1,1
7,319,0,0,11,416,0,0,0,0,3,3,2,1,9,0,1,0
1,2,1,0,77,2476,0,0,0,0,12,2,2,1,2,2,0,1
1,10,0,0,9,700,0,0,29,0,12,2,2,9,10,2,0,1
3,184,0,0,129,7669,0,0,0,0,3,2,2,8,13,2,0,0
3,188,0,0,22,1436,0,0,0,0,3,2,2,3,1,2,0,0
9,249,0,0,66,2506,0,0,13,0,5,2,2,6,6,2,0,1
0,0,0,0,2,24,0,0,0,0,12,3,2,2,11,1,0,0
4,96,0,0,67,3763,0,0,15,0,11,2,4,9,3,1,0,1
1,41,0,0,30,558,0,0,0,0,9,2,10,2,1,2,0,1
0,0,0,0,11,580,0,0,0,0,11,3,2,1,2,2,1,0
0,0,0,0,1,0,0,0,0,0,12,3,2,3,1,2,1,0
0,0,0,0,10,234,0,0,0,0,5,2,5,1,4,2,0,0
6,57,0,0,66,1285,0,0,20,0,5,2,2,1,6,2,0,1
0,0,0,0,5,158,0,0,0,0,7,1,1,4,4,2,0,0
4,88,0,0,39,659,0,0,0,0,5,2,2,3,1,2,0,0
3,134,0,0,53,1659,0,0,62,0,3,4,1,1,2,2,0,1
16,254,3,223,221,6606,0,0,4,0,10,4,1,4,1,2,0,1
8,103,0,0,17,328,0,0,0,0,6,3,2,8,2,0,1,0
8,137,0,0,59,2088,0,0,54,0,5,4,2,3,3,2,0,1
0,0,0,0,1,0,0,0,0,0,12,1,1,1,2,0,0,0
3,179,0,0,22,746,0,0,0,0,5,3,3,1,15,2,1,0
10,1559,1,7,41,1663,0,0,13,0,3,1,1,1,2,2,0,1
1,0,0,0,4,795,0,0,0,0,11,3,2,9,6,2,1,0
0,0,0,0,17,287,0,0,0,0,5,2,2,1,4,2,0,0
2,9,0,0,23,1516,0,0,17,0,6,2,2,5,2,2,0,1
0,0,0,0,5,0,0,0,0,0,11,2,2,2,1,2,0,0
0,0,0,0,2,0,0,0,0,0,5,2,2,1,3,2,0,0
0,0,0,0,9,953,0,0,0,0,5,2,4,4,1,2,1,0
6,301,0,0,87,1836,0,0,0,0,9,2,2,6,3,2,0,0
0,0,0,0,11,814,0,0,0,0,3,1,1,1,2,0,0,0
0,0,0,0,8,72,0,0,0,0,5,3,2,1,4,2,0,0
1,149,0,0,13,272,0,0,82,0,10,1,1,1,20,2,0,1
9,233,0,0,35,1941,0,0,0,0,8,3,2,7,2,2,0,0
6,580,0,0,43,1326,0,0,0,0,11,1,1,3,2,2,0,1
2,84,0,0,17,596,0,0,0,0,5,2,4,3,3,2,0,0
0,0,0,0,20,332,0,0,0,0,3,4,1,3,1,2,0,0
9,103,0,0,16,172,0,0,0,0,10,1,1,1,2,2,0,1
14,515,0,0,170,7128,0,0,4,0,11,2,2,7,1,2,1,1
0,0,0,0,45,1478,0,0,0,0,11,2,2,7,13,2,0,0
2,43,0,0,17,434,0,0,0,0,5,2,2,6,1,2,0,0
0,0,0,0,6,212,0,0,0,0,3,3,2,3,1,2,0,0
0,0,0,0,13,152,0,0,0,0,5,1,2,5,2,2,0,0
8,121,0,0,70,961,0,0,26,0,5,2,2,2,3,2,0,1
0,0,0,0,11,1197,0,0,0,0,10,2,2,3,20,2,0,0
15,1011,2,171,54,1405,0,0,37,0,3,3,2,3,2,0,1,0
1,169,0,0,24,1433,0,0,0,0,8,3,2,3,4,2,1,1
3,105,0,0,34,603,0,0,14,0,5,1,1,1,3,2,0,1
10,215,2,245,101,3558,0,0,30,0,9,3,2,1,2,2,1,1
4,104,0,0,38,1429,0,0,4,0,11,2,2,1,13,2,0,1
5,53,0,0,4,102,0,0,31,0,10,2,2,6,2,2,0,1
0,0,2,842,26,1911,0,0,8,0,7,3,2,1,2,2,1,1
3,67,2,16,8,281,0,0,15,0,11,3,2,1,20,2,0,1
0,0,0,0,14,208,0,0,0,0,11,1,8,4,11,2,1,0
4,198,0,0,43,2124,0,0,48,0,5,2,2,3,4,2,1,1
8,103,0,0,19,2081,0,0,24,0,11,2,2,3,2,0,1,1
1,29,0,0,26,1659,0,0,21,0,11,2,5,2,1,2,0,1
0,0,2,20,28,1085,0,0,0,0,12,3,2,1,11,0,0,1
3,32,0,0,15,276,0,0,55,0,9,2,4,1,2,0,0,0
0,0,0,0,9,228,0,0,0,0,5,3,2,3,3,2,0,0
1,235,0,0,3,127,0,0,0,0,12,2,2,1,2,0,0,0
6,186,0,0,16,476,0,0,16,0,12,2,2,3,1,2,0,1
9,320,2,298,51,1788,0,0,8,0,11,3,2,3,2,2,1,1
1,78,0,0,5,744,0,0,0,0,9,2,2,1,4,0,0,0
0,0,0,0,171,6793,0,0,2,0,11,2,2,1,1,2,0,1
8,451,10,961,131,2460,0,0,2,0,11,2,2,3,3,2,0,1
1,30,0,0,13,392,0,0,60,0,12,1,8,1,20,0,0,1
5,244,0,0,21,998,0,0,41,0,5,3,3,1,4,2,0,1
8,121,2,62,30,1688,0,0,15,0,5,2,2,3,2,2,0,1
4,1946,0,0,31,731,0,0,0,0,12,2,2,4,2,0,1,0
3,52,5,81,23,541,0,0,10,0,5,4,1,1,4,2,0,1
7,161,1,0,32,1038,0,0,59,0,5,1,1,4,2,2,0,1
3,91,2,338,11,451,0,0,45,0,3,2,2,1,10,0,0,1
2,123,0,0,6,178,0,0,0,0,5,3,2,1,1,2,1,0
0,0,0,0,3,36,0,0,0,0,11,2,2,3,2,2,0,0
3,49,1,29,45,1545,0,0,20,0,3,2,4,3,8,2,1,1
4,147,1,37,25,788,0,0,16,0,5,2,2,3,3,2,0,1
0,0,0,0,8,55,0,0,0,0,7,1,1,3,3,2,0,0
0,0,0,0,47,3650,0,0,97,0,11,2,2,1,10,2,0,1
9,87,1,12,120,2016,0,0,33,0,7,2,2,7,13,2,0,1
5,243,0,0,19,500,0,0,0,0,5,1,1,1,4,2,0,0
0,0,0,0,3,36,0,0,0,0,8,2,2,6,2,2,0,0
2,39,0,0,40,673,0,0,23,0,11,4,2,6,3,2,1,1
0,0,0,0,7,59,0,0,0,0,5,2,2,2,3,2,0,0
5,187,1,32,34,2719,0,0,3,0,11,3,2,3,2,2,0,0
3,10,0,0,2,8,0,0,0,0,9,2,2,1,2,0,0,1
5,613,0,0,470,14129,0,0,13,0,11,4,2,9,2,2,1,1
5,724,0,0,23,867,0,0,59,0,5,1,1,1,2,2,0,1
3,44,0,0,13,311,0,0,34,0,6,2,2,1,5,0,0,1
0,0,0,0,82,3247,0,0,0,0,11,2,2,1,2,2,0,0
0,0,0,0,12,153,0,0,0,0,11,2,2,3,2,0,0,1
1,54,0,0,68,3135,0,0,4,0,3,1,1,2,1,2,0,0
0,0,0,0,9,436,0,0,68,0,12,1,2,2,2,0,0,1
0,0,0,0,24,607,0,0,19,0,11,4,1,1,2,0,0,1
0,0,0,0,1,0,0,0,0,0,11,4,1,1,3,0,0,0
5,46,1,0,61,867,0,0,0,0,5,2,2,1,3,2,0,0
2,129,0,0,31,866,0,0,18,0,5,3,2,6,1,2,0,1
2,137,0,0,6,185,0,0,44,0,10,2,2,7,4,2,0,1
11,570,0,0,39,1728,0,0,22,0,11,2,2,1,2,2,0,1
0,0,0,0,7,297,0,0,0,0,5,1,1,1,1,2,0,0
0,0,0,0,19,577,0,0,90,0,11,2,2,1,2,2,0,1
0,0,1,81,82,3214,0,0,4,0,3,3,3,2,10,2,0,1
1,88,0,0,22,516,0,0,0,0,12,1,1,3,8,2,0,0
6,337,4,693,261,14150,0,0,0,0,11,2,2,3,2,2,0,1
8,237,4,142,30,1569,0,0,15,0,3,1,2,1,9,2,1,1
2,10,1,19,24,845,0,0,0,0,12,1,1,4,3,2,1,0
0,0,0,0,46,1014,0,0,0,0,12,2,2,3,2,2,1,0
12,98,1,129,5,22,0,0,0,0,10,2,2,1,4,2,0,0
1,0,0,0,3,58,0,0,113,0,10,2,2,9,2,2,1,1
0,0,0,0,6,112,0,0,0,0,11,3,2,6,11,0,1,0
4,66,0,0,52,1423,0,0,0,0,12,2,4,7,20,2,0,0
1,23,0,0,30,964,0,0,51,0,10,2,2,5,2,0,0,1
18,255,0,0,184,7706,0,0,6,0,5,2,2,9,6,2,0,0
6,475,1,18,28,1559,0,0,15,0,5,2,2,5,4,2,0,1
0,0,0,0,6,236,0,0,0,0,3,1,1,1,3,2,1,0
1,24,0,0,0,0,0,0,0,0,11,1,1,1,3,2,1,1
4,248,3,382,30,1039,0,0,9,0,5,3,2,2,11,2,0,1
2,229,2,29,8,212,0,0,0,0,12,3,2,3,2,0,0,0
0,0,0,0,22,681,0,0,14,0,11,1,1,1,3,2,1,1
1,0,0,0,9,300,0,0,0,0,12,3,2,9,1,2,0,0
0,0,0,0,3,62,0,0,0,0,5,3,2,8,2,2,0,0
0,0,0,0,20,301,0,0,0,0,5,3,2,1,3,2,0,0
0,0,0,0,10,348,0,0,0,0,11,2,2,4,13,2,0,0
0,0,0,0,11,1390,0,0,0,0,3,1,1,1,3,2,1,0
7,42,0,0,124,4067,0,0,6,0,11,2,2,3,2,2,0,1
4,87,0,0,14,280,0,0,0,0,5,2,2,1,4,2,0,0
3,40,0,0,18,340,0,0,0,0,8,2,4,3,5,2,0,0
1,21,0,0,13,1474,0,0,69,0,12,2,2,4,3,2,0,1
0,0,0,0,7,130,0,0,0,0,11,2,5,9,10,2,1,0
0,0,0,0,34,1401,0,0,0,0,11,2,2,9,11,0,0,1
0,0,0,0,23,480,0,0,0,0,12,4,2,1,2,2,0,0
4,52,0,0,41,2303,0,0,0,0,12,2,2,1,2,2,1,0
2,143,0,0,38,2508,0,0,54,0,11,2,2,7,2,2,0,1
0,0,0,0,14,487,0,0,47,0,10,3,2,1,2,0,0,1
7,54,7,475,20,393,0,0,0,0,7,2,2,1,4,2,0,1
5,321,7,460,46,1900,0,0,0,1,5,1,1,3,1,2,1,0
0,0,0,0,1,0,0,0,0,0,2,3,2,3,3,2,0,0
0,0,0,0,25,1157,0,0,15,0,5,1,1,3,2,2,0,0
1,11,0,0,15,175,0,0,0,0,11,1,1,2,2,0,0,0
0,0,2,199,30,661,0,0,0,0,11,2,2,3,10,2,0,1
9,189,3,39,73,3059,0,0,16,0,11,2,2,3,2,2,1,1
2,78,0,0,22,325,0,0,19,0,12,4,1,3,1,2,1,1
0,0,1,41,21,459,0,0,18,0,5,2,2,1,4,2,0,1
2,67,0,0,10,268,0,0,59,0,12,2,2,1,2,0,0,1
0,0,0,0,20,381,0,0,0,0,6,1,1,2,3,2,0,0
8,636,0,0,52,3374,0,0,108,0,11,2,2,3,13,2,0,1
16,314,0,0,37,1048,0,0,87,0,11,1,1,3,2,0,0,1
0,0,0,0,38,454,0,0,0,0,5,2,2,1,3,2,0,0
0,0,0,0,20,1117,0,0,0,0,3,2,4,7,2,2,0,0
7,136,1,7,25,687,0,0,5,0,5,1,2,3,4,0,0,0
2,140,0,0,10,431,0,0,0,0,12,2,2,2,1,2,0,0
0,0,0,0,72,5465,0,0,0,0,9,2,5,2,1,2,0,0
4,822,0,0,17,1229,0,0,0,0,6,2,2,1,16,2,0,1
1,44,0,0,25,773,0,0,10,0,3,2,2,1,2,2,1,1
8,463,4,337,157,6123,0,0,0,0,11,2,2,7,2,2,1,1
6,75,1,105,21,752,0,0,7,0,11,1,1,4,10,2,1,0
1,183,0,0,28,586,0,0,0,0,12,3,2,6,10,2,0,1
3,22,0,0,152,4251,0,0,0,0,11,2,2,1,10,2,0,1
9,128,1,10,75,2755,0,0,8,0,5,4,2,6,13,2,1,0
1,4,0,0,34,652,0,0,0,1,5,1,1,3,4,2,1,0
1,55,0,0,53,4048,0,0,0,0,12,4,1,1,1,2,0,0
0,0,0,0,9,427,0,0,13,0,12,1,1,1,2,0,1,1
4,60,3,164,159,5608,0,0,2,0,12,2,2,3,1,2,0,1
2,20,0,0,16,214,0,0,0,0,2,2,2,1,6,2,0,0
0,0,0,0,23,517,0,0,23,0,12,4,2,8,2,0,0,1
3,137,2,23,22,739,0,0,13,0,5,3,6,4,6,2,0,1
0,0,0,0,62,3299,0,0,5,0,11,2,2,1,2,2,0,1
0,0,0,0,3,16,0,0,0,0,12,2,4,7,3,2,0,0
0,0,0,0,6,1038,0,0,0,0,12,2,4,1,2,2,0,0
0,0,0,0,10,342,0,0,51,0,5,2,2,1,1,2,0,1
0,0,0,0,5,161,0,0,0,0,3,1,1,1,3,2,0,0
7,139,0,0,30,986,0,0,36,0,12,2,10,1,2,0,0,1
1,0,3,92,9,359,0,0,58,0,5,1,1,1,5,0,0,1
1,55,2,18,9,548,0,0,17,0,5,2,4,3,4,2,0,1
0,0,0,0,3,137,0,0,0,0,3,2,2,3,2,2,0,0
5,72,0,0,55,936,0,0,23,0,11,2,2,1,2,2,0,1
0,0,0,0,11,547,0,0,0,1,5,3,3,3,1,2,1,0
0,0,0,0,13,129,0,0,0,0,11,2,2,3,1,2,0,0
0,0,0,0,18,391,0,0,0,0,12,2,2,7,2,0,0,0
2,70,0,0,30,515,0,0,0,0,8,1,1,3,1,2,0,0
4,114,0,0,55,1247,0,0,0,0,5,3,2,3,4,2,1,0
0,0,0,0,4,123,0,0,67,0,10,1,1,1,2,2,0,1
3,99,0,0,89,2520,0,0,40,0,11,2,2,1,3,2,0,1
0,0,0,0,11,267,0,0,7,0,10,2,2,1,3,0,0,1
8,279,0,0,16,453,0,0,0,0,7,3,2,8,4,2,0,0
2,27,0,0,9,219,0,0,75,0,12,2,2,7,2,2,0,1
3,13,0,0,28,324,0,0,0,0,3,2,2,1,6,2,0,0
0,0,0,0,10,411,0,0,0,0,12,3,2,1,2,2,0,1
7,136,1,42,120,7604,0,0,3,0,7,2,2,2,1,2,1,1
8,122,2,0,20,695,0,0,0,0,11,1,1,8,2,2,1,1
5,265,4,191,29,991,0,0,0,0,11,3,2,7,6,2,1,0
0,0,0,0,34,920,0,0,0,0,12,3,2,1,1,2,1,0
4,234,0,0,24,1589,0,0,61,0,11,2,2,2,10,2,0,1
1,23,0,0,0,0,0,0,0,0,10,2,2,6,3,2,0,1
0,0,0,0,11,205,0,0,18,0,12,1,1,1,8,0,0,1
0,0,0,0,5,186,0,0,0,0,11,2,2,1,2,2,0,0
4,118,0,0,3,89,0,0,0,0,11,3,2,1,4,2,0,0
0,0,0,0,1,0,0,0,0,0,5,2,2,1,1,2,0,0
1,3,0,0,161,3763,0,0,0,0,11,1,1,1,2,2,0,1
4,171,0,0,75,2416,0,0,0,0,11,2,2,2,1,2,0,1
1,6,0,0,20,739,0,0,0,0,3,2,2,3,3,2,1,0
2,70,0,0,27,213,0,0,79,0,10,2,2,1,3,0,1,1
9,269,0,0,112,2478,0,0,60,0,5,2,2,4,3,2,0,1
1,21,0,0,23,529,0,0,57,0,11,1,2,1,8,0,0,1
0,0,0,0,10,155,0,0,0,0,7,2,2,6,20,2,0,0
0,0,0,0,1,0,0,0,0,0,5,4,1,1,4,2,0,0
0,0,0,0,3,145,0,0,0,0,6,2,2,1,3,2,0,0
0,0,0,0,10,108,0,0,0,0,5,1,8,1,19,2,0,0
5,169,3,106,90,4792,0,0,41,0,11,3,2,6,1,2,0,1
0,0,0,0,45,1682,0,0,0,0,11,2,2,4,1,2,0,0
1,34,0,0,18,3026,0,0,38,0,12,1,1,3,2,2,0,1
4,115,0,0,16,655,0,0,0,0,11,1,1,2,3,2,0,0
7,350,9,406,68,2435,0,0,0,0,12,1,1,1,2,2,0,0
3,55,0,0,19,436,0,0,49,0,5,2,2,4,2,2,1,1
4,42,0,0,98,2260,0,0,32,0,11,2,4,1,3,0,0,1
0,0,0,0,25,981,0,0,15,0,5,2,4,3,1,2,0,1
0,0,1,39,357,8864,0,0,9,0,11,2,2,1,2,2,0,1
0,0,0,0,66,1216,0,0,62,0,9,2,2,4,2,0,0,1
9,395,0,0,124,3959,0,0,3,0,11,2,2,1,2,2,0,1
2,46,0,0,11,177,0,0,0,0,5,3,2,5,4,2,0,0
0,0,0,0,33,1996,0,0,44,0,11,4,2,6,2,2,0,1
0,0,0,0,48,4293,0,0,0,0,11,2,1,1,2,0,1,0
5,46,0,0,3,26,0,0,0,0,11,2,2,1,2,2,0,1
11,247,2,369,90,7221,0,0,13,0,3,2,2,3,8,2,0,1
0,0,1,9,48,1512,0,0,0,0,11,2,2,1,2,2,0,1
0,0,0,0,3,0,0,0,0,0,11,3,2,1,11,2,0,1
0,0,0,0,16,973,0,0,0,0,5,2,2,1,1,2,0,0
0,0,2,26,90,4875,0,0,0,0,11,2,2,7,1,2,0,1
0,0,0,0,153,4565,0,0,6,0,8,2,2,4,1,2,1,1
0,0,0,0,20,678,0,0,0,0,12,2,2,3,10,2,0,0
3,27,0,0,2,16,0,0,0,0,11,2,2,2,2,0,1,1
0,0,0,0,7,72,0,0,0,0,12,1,1,4,3,2,1,0
14,574,0,0,41,2688,0,0,36,0,9,3,2,3,4,2,0,1
7,52,0,0,9,152,0,0,0,0,12,2,2,4,2,0,0,0
3,68,0,0,8,306,0,0,0,0,3,1,1,9,3,0,1,0
2,44,0,0,7,212,0,0,0,0,3,3,2,1,8,0,1,0
6,116,0,0,171,9405,0,0,0,0,12,3,2,3,2,2,0,1
0,0,1,24,9,717,0,0,0,0,5,3,2,5,13,2,0,0
0,0,0,0,35,897,0,0,5,0,5,3,2,2,3,2,0,1
1,26,0,0,6,110,0,0,0,0,11,3,2,1,2,2,0,1
2,22,0,0,18,584,0,0,0,0,8,1,1,3,2,2,0,0
0,0,0,0,44,1924,0,0,59,0,11,2,2,3,6,2,0,1
3,47,0,0,89,3436,0,0,0,0,11,2,2,3,2,0,0,1
1,52,0,0,13,447,0,0,42,0,8,1,1,1,20,2,1,1
5,153,0,0,16,742,0,0,22,0,11,1,1,3,5,0,0,1
1,7,0,0,11,98,0,0,0,0,6,1,1,1,20,2,0,0
0,0,0,0,19,806,0,0,28,0,5,2,2,2,2,2,0,1
1,16,0,0,42,1369,0,0,11,0,7,2,5,3,3,2,0,0
1,5,0,0,53,1062,0,0,0,0,5,1,1,1,4,2,0,0
1,95,0,0,16,819,0,0,25,0,12,2,2,7,2,0,0,1
0,0,0,0,1,0,0,0,0,0,5,1,1,4,3,2,0,0
6,333,0,0,12,568,0,0,19,0,11,2,4,5,2,0,0,1
0,0,0,0,4,0,0,0,0,0,12,1,1,2,1,2,0,0
0,0,0,0,3,34,0,0,0,0,10,3,2,5,13,2,0,0
3,187,2,41,48,1769,0,0,16,0,3,2,2,3,2,2,0,0
0,0,0,0,4,133,0,0,0,0,12,4,2,1,2,0,0,0
0,0,4,758,23,1133,0,0,12,0,12,3,2,6,2,2,1,0
8,111,0,0,32,1206,0,0,19,0,11,2,2,1,2,2,0,1
10,398,1,132,24,985,0,0,0,0,9,3,2,1,3,2,1,0
9,174,0,0,43,895,0,0,30,0,5,1,2,6,2,2,0,1
2,28,2,175,27,1253,0,0,39,0,3,2,2,1,2,2,0,1
0,0,0,0,3,845,0,0,0,0,9,1,2,1,2,0,1,0
0,0,0,0,10,393,0,0,0,0,5,2,2,7,3,2,0,0
0,0,2,594,39,922,0,0,154,0,9,3,2,1,2,0,0,1
0,0,0,0,9,668,0,0,0,0,11,2,4,9,6,2,0,0
4,147,2,96,46,1041,0,0,2,0,5,2,2,6,4,2,1,0
0,0,0,0,11,482,0,0,22,0,5,1,1,6,2,0,0,1
3,21,0,0,17,256,0,0,0,0,11,2,4,1,8,0,1,1
0,0,0,0,7,103,0,0,0,0,11,2,2,2,2,2,0,1
13,278,1,46,150,5575,0,0,1,0,12,2,2,2,1,2,0,1
6,133,0,0,44,2664,0,0,97,0,11,2,2,1,3,2,1,1
8,164,0,0,43,1110,0,0,16,0,11,2,2,3,3,2,0,1
0,0,0,0,9,355,0,0,18,0,3,2,4,1,2,2,0,1
0,0,0,0,12,293,0,0,0,0,5,3,2,1,13,2,0,0
6,315,1,85,10,402,0,0,0,0,12,3,2,2,2,0,0,1
1,45,0,0,10,333,0,0,9,0,12,2,2,1,2,0,1,1
3,21,2,70,28,1338,0,0,0,0,12,1,1,2,3,2,0,0
0,0,0,0,2,7,0,0,0,0,8,2,2,6,13,2,0,0
1,26,1,6,28,677,0,0,0,0,7,1,1,6,1,2,1,1
0,0,1,44,41,1089,0,0,0,0,3,2,2,3,2,0,0,0
2,58,0,0,28,968,0,0,14,0,11,2,5,1,3,2,0,1
1,67,0,0,14,590,0,0,38,0,8,2,2,1,5,0,0,1
4,43,0,0,4,27,0,0,0,0,9,1,1,1,5,0,0,1
0,0,0,0,26,1377,0,0,92,0,3,2,2,7,2,2,0,1
5,286,1,29,64,2058,0,0,6,0,11,3,2,3,10,2,0,1
2,87,1,113,67,4868,0,0,48,0,12,2,2,5,2,2,0,1
2,77,1,17,46,1066,0,0,51,0,12,3,2,4,10,2,0,1
1,40,5,279,62,1088,0,0,11,0,3,3,2,1,9,2,1,1
1,51,0,0,7,562,0,0,36,0,7,1,1,6,2,0,1,1
0,0,0,0,3,39,0,0,0,0,3,2,4,1,10,2,0,0
4,240,0,0,73,2371,0,0,0,0,11,3,2,1,2,2,1,0
1,19,0,0,11,501,0,0,55,0,5,2,4,4,2,2,0,1
5,175,0,0,26,615,0,0,62,0,9,1,1,1,3,0,1,1
4,99,0,0,16,315,0,0,12,0,3,1,1,6,3,2,0,1
1,4,0,0,18,631,0,0,56,0,5,2,2,1,3,2,0,1
0,0,0,0,4,7,0,0,0,0,3,2,2,1,1,2,0,0
0,0,0,0,14,599,0,0,0,0,11,2,2,1,20,2,0,0
2,8,1,14,14,603,0,0,44,0,3,2,2,1,7,2,0,1
2,45,1,40,57,851,0,0,3,0,3,2,4,3,1,2,1,1
0,0,0,0,28,2102,0,0,0,0,7,3,2,3,13,2,0,0
11,771,2,214,39,1022,0,0,52,0,5,3,2,1,2,2,0,1
3,60,0,0,4,25,0,0,0,0,7,1,1,3,4,0,0,0
0,0,0,0,2,0,0,0,0,0,6,3,2,3,13,2,0,0
6,69,2,13,227,6854,0,0,0,0,11,2,2,1,1,2,0,0
2,68,0,0,10,184,0,0,0,0,9,2,2,3,2,0,0,0
2,45,0,0,22,535,0,0,9,0,11,2,2,3,11,2,1,1
0,0,0,0,19,224,0,0,0,0,3,1,1,1,2,2,0,0
6,189,0,0,21,704,0,0,0,0,12,1,2,8,2,0,0,1
7,176,0,0,34,1384,0,0,26,0,5,1,1,2,4,2,0,1
0,0,0,0,2,29,0,0,0,1,2,2,4,4,2,2,1,0
1,43,0,0,79,2006,0,0,0,0,11,3,3,1,3,2,1,0
1,82,0,0,59,1927,0,0,23,0,5,2,2,9,13,2,0,1
2,58,0,0,42,906,0,0,0,0,11,2,2,4,20,0,0,0
5,205,1,8,37,1683,0,0,4,0,5,3,2,8,2,2,1,0
1,14,0,0,14,988,0,0,68,0,12,2,5,9,1,2,0,1
1,25,0,0,6,143,0,0,38,0,7,2,5,1,4,0,0,1
1,12,2,11,18,974,0,0,0,0,11,3,2,1,2,0,0,0
5,70,0,0,29,1049,0,0,0,0,11,3,2,3,2,2,1,0
0,0,0,0,27,444,0,0,0,0,5,2,2,4,3,2,0,0
0,0,0,0,18,587,0,0,32,0,11,2,2,7,4,2,1,1
0,0,0,0,5,134,0,0,0,0,11,3,2,9,3,2,1,0
0,0,0,0,12,317,0,0,0,0,2,1,1,1,4,2,1,0
3,132,0,0,36,1567,0,0,0,0,3,3,3,2,8,2,1,0
1,397,3,89,8,249,0,0,0,0,5,3,2,1,6,2,1,0
0,0,1,59,44,2284,0,0,0,0,12,3,3,2,8,2,0,0
0,0,0,0,14,169,0,0,0,0,11,2,2,4,2,2,0,1
6,106,0,0,42,1384,0,0,136,0,12,8,13,9,20,1,0,1
8,447,3,168,142,4777,0,0,0,0,11,3,2,1,1,2,1,0
1,13,0,0,15,524,0,0,33,0,5,3,2,1,6,2,0,1
15,309,2,45,50,2230,0,0,40,0,11,2,2,4,2,2,0,1
0,0,0,0,53,2051,0,0,0,0,11,2,2,1,2,2,0,1
0,0,0,0,57,2163,0,0,0,0,7,3,2,6,3,2,0,0
4,46,4,93,75,6057,0,0,0,0,11,3,2,1,2,2,0,1
6,184,0,0,32,1427,0,0,13,0,11,2,2,1,13,2,0,1
3,29,0,0,8,160,0,0,0,0,5,2,2,9,3,2,0,0
1,8,0,0,22,699,0,0,10,0,7,3,2,1,1,2,0,1
3,83,0,0,43,2013,0,0,0,0,10,2,2,1,20,2,0,0
0,0,0,0,77,3332,0,0,0,0,5,2,2,3,6,2,0,0
2,7,0,0,10,75,0,0,0,0,3,2,2,1,1,2,0,0
2,83,1,0,18,1219,0,0,16,0,8,2,2,1,4,0,0,1
0,0,0,0,58,1893,0,0,0,0,11,1,1,6,10,2,1,1
13,869,2,28,97,2865,0,0,0,0,10,2,6,1,1,2,0,0
0,0,0,0,2,203,0,0,0,0,5,2,2,1,3,2,0,0
2,55,0,0,2,26,0,0,0,0,12,1,2,9,3,2,1,1
3,89,0,0,15,2022,0,0,11,0,9,3,2,3,1,2,0,0
6,723,2,410,5,109,0,0,0,0,11,2,5,2,2,1,0,1
1,0,0,0,2,66,0,0,0,0,12,2,2,9,2,2,1,0
0,0,0,0,1,0,0,0,0,0,3,2,2,2,3,2,0,0
0,0,0,0,11,219,0,0,0,0,5,1,1,3,3,2,0,0
0,0,0,0,19,273,0,0,0,0,11,3,2,4,11,2,1,1
7,381,0,0,69,2599,0,0,5,0,11,1,1,1,2,2,0,1
1,3,0,0,26,885,0,0,17,0,5,2,2,1,2,2,0,1
4,81,0,0,12,223,0,0,0,0,3,1,1,1,3,2,0,0
1,73,1,740,50,1434,0,0,22,0,3,2,2,3,2,2,1,0
2,235,0,0,23,1193,0,0,45,0,5,3,2,7,2,0,0,1
0,0,0,0,20,869,0,0,0,0,5,3,2,4,2,2,1,0
2,53,0,0,85,4478,0,0,0,0,11,2,2,1,2,2,0,1
1,52,0,0,16,176,0,0,0,0,8,1,1,1,5,2,1,0
6,93,0,0,70,2678,0,0,0,0,7,2,2,1,2,2,1,0
4,141,0,0,20,850,0,0,0,0,5,2,2,6,4,2,0,0
2,87,0,0,29,1352,0,0,34,0,11,3,2,6,2,2,1,1
12,150,0,0,17,231,0,0,0,0,9,3,2,3,3,2,0,0
0,0,0,0,19,283,0,0,0,0,5,2,4,1,6,2,0,0
2,11,0,0,48,2562,0,0,0,0,5,2,5,7,4,2,0,0
5,236,0,0,41,1955,0,0,21,0,5,1,1,6,2,2,0,1
1,29,2,149,11,561,0,0,10,0,5,3,2,1,4,2,0,1
0,0,1,56,17,1385,0,0,39,0,3,2,2,1,2,2,0,1
3,81,0,0,94,2487,0,0,0,0,10,2,2,6,2,0,0,0
0,0,0,0,10,316,0,0,17,0,3,2,4,1,8,0,1,1
2,45,0,0,39,2011,0,0,53,0,11,2,2,1,8,2,0,1
1,10,0,0,49,1747,0,0,0,0,5,2,4,1,4,2,0,0
1,0,0,0,1,74,0,0,0,0,10,3,2,1,4,2,0,0
1,11,0,0,26,651,0,0,0,0,11,4,2,1,3,2,0,0
3,11,0,0,39,557,0,0,0,0,5,3,2,3,13,2,0,0
2,671,0,0,15,1106,0,0,0,0,12,2,2,4,1,2,0,0
3,110,0,0,10,284,0,0,0,1,5,1,8,1,11,0,1,0
2,52,0,0,28,1265,0,0,4,0,5,2,2,8,1,2,0,0
1,0,1,60,43,1131,0,0,0,0,3,1,1,1,3,2,0,0
4,81,0,0,93,2773,0,0,0,0,11,3,2,3,3,2,1,0
3,29,0,0,12,398,0,0,50,0,11,2,2,2,2,0,0,1
3,63,2,204,20,457,0,0,0,0,12,3,2,7,2,0,0,1
5,121,1,8,16,792,0,0,38,0,11,2,2,1,3,2,0,0
1,18,0,0,16,1331,0,0,33,0,3,2,5,2,3,0,0,1
4,103,0,0,14,314,0,0,79,0,7,2,2,5,2,0,0,1
11,118,2,91,162,5399,0,0,14,0,11,2,2,4,10,2,0,1
3,42,0,0,54,5972,0,0,70,0,11,2,6,1,3,2,0,1
0,0,0,0,79,2663,0,0,0,0,11,2,2,1,1,2,1,1
16,155,0,0,32,908,0,0,4,0,3,2,2,3,2,2,0,1
2,42,0,0,5,163,0,0,20,0,8,2,10,3,3,2,0,1
0,0,0,0,14,731,0,0,0,0,11,2,2,4,2,0,0,1
0,0,0,0,17,766,0,0,61,0,3,2,2,1,2,0,1,1
1,32,0,0,17,876,0,0,0,0,7,3,2,1,3,2,0,1
5,98,0,0,126,6085,0,0,28,0,11,2,2,1,2,2,0,1
1,25,0,0,14,397,0,0,14,0,5,1,1,3,3,2,0,1
1,15,3,97,32,1213,0,0,1,0,8,2,2,3,2,2,0,1
4,23,2,231,35,996,0,0,0,0,11,2,2,5,2,2,1,0
2,35,0,0,44,2479,0,0,0,0,5,2,2,1,6,2,0,0
0,0,0,0,89,3614,0,0,0,0,11,1,1,1,2,2,1,0
5,94,0,0,69,2222,0,0,0,0,10,1,1,3,2,2,0,0
0,0,0,0,19,621,0,0,0,0,12,4,1,1,2,2,1,0
0,0,0,0,9,210,0,0,0,0,5,2,5,1,3,2,0,0
0,0,0,0,8,186,0,0,0,0,3,2,2,3,3,2,1,0
0,0,0,0,58,2665,0,0,0,0,5,2,2,3,4,2,0,0
0,0,0,0,28,912,0,0,0,0,11,2,2,7,2,2,1,0
0,0,0,0,14,264,0,0,0,0,3,2,2,1,10,2,0,0
0,0,0,0,25,1978,0,0,0,0,8,2,2,1,3,2,0,0
5,497,1,10,51,4977,0,0,15,0,5,2,2,1,5,2,0,1
1,29,1,322,10,126,0,0,13,0,9,2,2,1,2,2,0,1
0,0,0,0,3,116,0,0,0,0,11,3,2,1,10,2,1,0
1,0,0,0,21,921,0,0,0,0,9,2,2,1,2,0,0,0
0,0,0,0,6,77,0,0,0,0,12,2,2,3,13,2,0,0
0,0,0,0,6,129,0,0,0,0,5,2,2,4,4,2,0,0
4,251,9,172,64,4326,0,0,0,0,12,2,2,4,2,2,0,0
7,211,0,0,54,9128,0,0,0,0,3,2,2,6,1,2,0,0
0,0,0,0,1,0,0,0,0,0,12,1,1,6,2,2,0,0
0,0,0,0,1,0,0,0,0,0,3,2,2,1,1,2,0,0
2,7,0,0,3,11,0,0,0,0,5,4,5,1,4,2,0,0
0,0,0,0,6,332,0,0,0,0,5,2,5,4,11,2,0,0
2,11,2,139,80,4099,0,0,16,0,3,3,2,1,2,2,1,1
6,92,3,101,76,5186,0,0,6,0,3,2,2,3,2,2,0,0
6,213,0,0,11,303,0,0,87,0,12,8,13,9,20,1,0,1
0,0,0,0,4,149,0,0,0,0,3,2,2,1,2,2,0,0
5,173,2,24,30,1288,0,0,54,0,11,1,2,3,2,2,1,0
3,55,0,0,4,420,0,0,0,0,8,1,1,4,3,2,0,1
2,12,3,95,29,1268,0,0,25,0,11,2,2,1,10,2,0,1
3,152,0,0,28,608,0,0,19,0,7,2,2,7,13,2,0,1
1,38,1,16,30,1522,0,0,0,0,5,3,2,2,13,2,0,0
9,331,4,154,154,8038,0,0,0,0,5,2,2,1,5,2,0,0
6,141,0,0,47,830,0,0,0,0,8,1,1,4,2,2,0,0
5,766,0,0,37,1133,0,0,49,0,5,4,2,4,2,2,0,1
0,0,0,0,58,1590,0,0,1,0,7,3,2,8,4,2,0,1
0,0,0,0,7,2478,0,0,0,0,11,2,2,1,11,2,1,1
5,150,0,0,12,201,0,0,0,0,10,1,1,4,2,0,0,0
0,0,0,0,113,5178,0,0,0,0,11,2,2,3,2,2,0,1
3,215,0,0,53,1481,0,0,56,0,11,1,8,1,11,2,1,1
7,46,0,0,22,280,0,0,0,0,8,2,2,1,3,0,1,0
8,223,0,0,37,3152,0,0,13,0,12,3,2,3,2,2,0,1
1,0,1,60,46,1038,0,0,13,0,3,2,2,6,1,2,0,1
1,158,1,64,29,1916,0,0,8,0,3,2,2,3,2,2,1,1
4,151,0,0,30,1547,0,0,28,0,9,2,2,2,2,2,1,1
5,39,2,239,216,14577,0,0,0,0,8,2,2,3,13,2,0,0
1,101,0,0,4,100,0,0,0,0,5,3,3,1,3,0,1,0
0,0,0,0,17,1059,0,0,62,0,11,2,2,1,2,0,0,1
0,0,0,0,2,31,0,0,0,0,8,3,2,1,3,2,0,0
4,309,0,0,27,877,0,0,44,0,5,1,1,1,4,0,0,1
2,74,0,0,30,1708,0,0,16,0,5,2,2,7,1,2,1,1
0,0,0,0,8,349,0,0,25,0,3,1,2,1,8,0,0,1
5,107,2,15,250,8622,0,0,0,0,11,3,2,1,1,2,0,1
4,601,0,0,41,2517,0,0,20,0,9,3,2,1,1,2,0,1
1,87,3,40,17,546,0,0,0,0,3,3,6,1,1,2,1,0
0,0,0,0,1,0,0,0,0,0,11,3,2,1,13,2,0,0
0,0,1,16,25,902,0,0,0,0,12,3,3,3,2,0,0,1
3,61,4,31,1,43,0,0,0,0,12,8,13,9,20,1,0,0
3,37,0,0,18,607,0,0,361,0,11,2,2,3,2,0,0,1
5,109,1,3,29,1980,0,0,0,0,7,2,2,1,4,2,0,1
0,0,0,0,5,99,0,0,0,0,5,2,2,5,4,2,0,0
0,0,0,0,6,216,0,0,0,0,3,2,4,7,10,2,0,0
0,0,0,0,19,989,0,0,25,0,5,3,2,1,2,0,1,1
3,21,0,0,109,2587,0,0,0,0,11,2,2,1,3,2,0,1
0,0,0,0,3,178,0,0,0,0,11,3,2,1,10,2,0,0
0,0,0,0,96,5947,0,0,0,0,11,2,2,1,1,2,1,1
3,142,0,0,48,1052,0,0,0,0,11,1,8,6,11,2,0,0
0,0,0,0,4,30,0,0,0,0,3,2,4,3,3,2,0,0
0,0,0,0,3,56,0,0,0,0,11,2,2,3,1,2,0,0
4,712,0,0,77,3785,0,0,0,0,11,2,2,2,8,0,0,1
4,72,0,0,95,2354,0,0,5,0,12,3,2,1,2,2,1,0
2,20,0,0,14,1261,0,0,0,0,8,2,2,1,5,2,0,0
6,135,0,0,40,1589,0,0,0,0,3,4,1,3,1,2,1,0
0,0,0,0,10,443,0,0,38,0,11,1,8,8,1,2,0,1
1,0,3,82,120,2895,0,0,16,0,11,1,2,1,11,2,0,1
0,0,0,0,6,463,0,0,0,0,3,2,5,1,3,2,0,0
0,0,0,0,116,5389,0,0,0,0,11,3,2,1,1,2,0,0
2,72,0,0,10,1580,0,0,100,0,5,2,2,1,2,2,0,1
0,0,0,0,9,153,0,0,27,0,8,2,2,7,13,2,0,1
0,0,0,0,19,606,0,0,0,0,3,2,2,1,3,2,0,0
7,110,0,0,20,266,0,0,0,0,3,2,2,1,2,2,0,0
4,515,0,0,77,1449,0,0,0,0,5,2,2,4,2,2,0,0
8,935,1,21,172,10524,0,0,2,0,11,3,2,1,3,2,0,1
11,383,2,256,189,15454,0,0,0,0,8,2,10,2,1,2,0,0
1,45,0,0,41,1227,0,0,0,0,10,1,1,3,3,2,0,0
1,0,1,66,14,668,0,0,44,0,10,4,2,1,20,2,1,1
0,0,0,0,42,2239,0,0,0,0,12,3,2,7,2,2,0,0
0,0,0,0,42,1766,0,0,0,0,11,2,2,1,13,2,0,0
4,135,0,0,2,46,0,0,0,0,9,1,1,5,2,2,0,1
1,16,0,0,44,2939,0,0,32,0,11,2,2,8,2,2,0,1
1,24,0,0,15,496,0,0,115,0,5,2,2,3,2,2,0,1
10,141,2,213,50,829,0,0,0,0,12,2,2,4,10,2,0,0
0,0,0,0,13,420,0,0,0,0,12,2,5,6,2,0,0,0
0,0,0,0,6,60,0,0,0,0,11,2,2,7,3,2,0,1
0,0,0,0,84,2197,0,0,0,0,11,1,1,3,2,2,0,1
7,405,1,88,22,661,0,0,0,0,5,1,1,4,2,2,0,0
11,424,5,185,76,2642,0,0,0,0,11,2,2,1,2,2,1,1
2,175,0,0,60,1635,0,0,0,0,11,2,5,7,3,2,0,0
6,171,3,178,26,1565,0,0,8,0,11,2,2,4,2,2,0,1
0,0,0,0,1,0,0,0,0,0,3,2,2,1,1,2,0,0
0,0,0,0,21,597,0,0,0,0,5,3,2,1,13,2,0,0
9,215,5,450,35,1974,0,0,15,0,3,2,2,3,2,2,0,0
4,130,2,51,43,2265,0,0,14,0,5,3,2,4,2,2,0,0
6,453,2,12,73,1889,0,0,0,0,12,3,2,4,13,2,0,0
3,37,0,0,62,1193,0,0,21,0,11,2,2,1,1,2,0,1
0,0,0,0,5,131,0,0,0,0,5,1,1,1,1,2,0,0
2,471,5,331,7,121,0,0,0,0,5,3,2,1,13,2,0,0
3,72,0,0,3,86,0,0,0,0,6,1,1,7,3,2,1,1
4,63,0,0,10,565,0,0,0,0,12,8,13,9,20,1,0,0
7,78,3,210,309,12158,0,0,0,0,11,2,2,1,2,2,1,1
18,514,4,67,178,6630,0,0,0,0,11,3,2,1,8,2,0,1
3,180,0,0,12,2646,0,0,0,0,10,2,2,2,20,2,0,0
4,98,1,31,32,898,0,0,23,0,5,2,2,4,2,0,1,1
1,112,0,0,37,2043,0,0,12,0,3,2,5,3,6,2,0,1
5,45,0,0,59,1100,0,0,24,0,11,2,5,4,2,2,1,1
0,0,0,0,2,3,0,0,0,0,12,2,2,4,2,2,0,0
7,266,0,0,32,2092,0,0,23,0,12,2,2,1,1,2,1,0
24,290,6,529,178,4339,0,0,6,0,5,2,2,3,4,2,0,0
1,18,0,0,32,814,0,0,3,0,5,2,2,1,4,2,0,1
6,129,0,0,42,1173,0,0,18,0,3,2,2,3,8,0,1,1
2,28,0,0,42,1329,0,0,80,0,5,2,2,1,4,2,1,1
3,65,0,0,17,557,0,0,25,0,12,2,2,2,2,2,0,1
0,0,0,0,37,607,0,0,39,0,5,1,1,1,2,2,1,1
1,0,0,0,23,975,0,0,16,0,5,2,2,6,6,2,1,0
1,18,4,123,24,4114,0,0,20,0,3,1,1,1,2,0,0,1
2,158,0,0,12,751,0,0,32,0,5,2,2,1,2,2,0,1
0,0,1,0,46,2183,0,0,0,0,11,2,2,9,8,2,0,1
0,0,0,0,61,1636,0,0,0,0,11,2,2,1,2,0,0,0
6,186,0,0,126,3372,0,0,0,0,5,2,2,7,2,2,0,0
1,0,0,0,29,1085,0,0,30,0,11,2,2,1,4,0,0,1
0,0,0,0,11,304,0,0,0,0,5,2,2,3,4,2,0,0
0,0,0,0,11,1055,0,0,0,0,5,2,2,8,18,2,0,0
7,271,0,0,54,3510,0,0,9,0,5,2,2,4,6,2,0,1
24,468,6,191,189,3428,0,0,0,0,6,2,2,2,1,2,0,0
0,0,0,0,7,384,0,0,0,0,5,2,4,1,5,2,0,0
4,64,2,28,16,597,0,0,0,0,10,3,2,1,5,2,1,0
2,151,0,0,19,716,0,0,10,0,3,1,1,7,1,2,1,1
11,281,0,0,41,1167,0,0,7,0,11,1,1,3,2,0,1,1
3,79,0,0,36,2517,0,0,27,0,3,2,10,2,2,2,1,1
0,0,0,0,27,228,0,0,0,0,8,4,1,1,1,2,0,0
0,0,3,121,89,3296,0,0,0,0,12,1,1,4,2,2,0,0
0,0,0,0,5,164,0,0,0,0,5,2,2,1,3,2,1,0
1,78,0,0,21,555,0,0,24,0,3,1,1,1,2,0,0,1
0,0,0,0,8,358,0,0,0,1,5,1,1,1,2,2,1,0
0,0,0,0,20,1722,0,0,0,0,5,2,2,6,1,2,0,0
0,0,0,0,57,3079,0,0,0,0,12,2,2,3,10,2,0,0
3,33,0,0,17,386,0,0,0,0,12,2,2,1,2,0,0,1
4,34,0,0,2,22,0,0,0,0,10,2,2,4,2,0,0,0
5,64,0,0,36,1334,0,0,0,0,11,2,2,3,2,2,0,0
4,302,0,0,29,675,0,0,0,0,12,2,2,1,6,2,1,0
0,0,0,0,30,586,0,0,30,0,5,2,2,2,2,0,0,1
7,159,0,0,13,362,0,0,0,0,5,2,2,7,2,0,0,0
0,0,0,0,27,857,0,0,0,0,11,2,2,9,10,2,0,0
11,216,6,704,304,11250,0,0,1,0,11,2,2,1,2,2,0,1
6,101,0,0,140,7097,0,0,21,0,11,2,2,3,13,2,0,1
0,0,0,0,2,135,0,0,0,0,12,1,1,4,3,2,0,0
9,441,0,0,122,2577,0,0,75,0,11,1,1,1,2,2,0,1
3,44,4,1636,49,4945,0,0,6,0,5,2,2,2,4,2,0,1
2,77,0,0,32,1223,0,0,215,0,5,3,2,4,2,2,0,1
3,29,0,0,17,652,0,0,24,0,6,1,1,6,3,2,0,1
8,190,1,23,19,1323,0,0,21,0,5,6,2,4,2,2,1,1
0,0,0,0,37,638,0,0,0,0,11,2,2,4,1,2,0,1
0,0,0,0,1,0,0,0,0,0,8,3,2,1,13,2,0,0
0,0,0,0,1,0,0,0,0,0,3,1,1,3,3,2,0,0
0,0,0,0,24,805,0,0,53,0,5,2,2,1,2,0,1,1
26,1561,9,503,183,9676,0,0,19,0,11,3,2,2,13,2,0,1
1,57,0,0,32,534,0,0,87,0,12,1,2,1,8,2,1,1
2,81,0,0,1,27,0,0,0,0,10,3,2,3,5,0,0,1
0,0,0,0,8,247,0,0,0,0,11,2,2,9,2,0,0,1
0,0,0,0,29,1373,0,0,0,0,10,2,4,7,1,2,0,0
0,0,0,0,2,187,0,0,0,0,3,3,2,1,3,2,0,0
1,6,0,0,18,339,0,0,0,0,11,1,1,5,2,2,0,0
0,0,0,0,25,644,0,0,0,0,11,2,2,3,2,2,0,0
0,0,0,0,1,0,0,0,0,0,3,2,2,9,2,0,1,0
6,65,0,0,29,1904,0,0,0,0,11,1,1,2,8,2,0,1
4,64,0,0,38,1445,0,0,52,0,11,2,2,1,2,0,0,1
0,0,0,0,23,1888,0,0,46,0,5,2,2,4,4,0,1,1
10,515,3,85,50,1558,0,0,12,0,8,3,2,4,4,2,1,1
5,943,2,16,7,935,0,0,0,0,11,2,2,3,6,2,1,1
0,0,0,0,2,0,0,0,0,0,5,2,2,1,13,2,1,0
0,0,0,0,4,18,0,0,0,0,12,3,2,2,3,0,0,0
3,63,0,0,8,253,0,0,0,0,12,2,2,7,2,0,0,0
10,150,0,0,14,221,0,0,0,0,12,2,2,4,2,0,0,0
0,0,0,0,1,0,0,0,0,0,3,3,2,2,1,2,0,0
4,126,2,43,34,1395,0,0,48,0,11,3,2,1,10,2,0,1
0,0,0,0,9,639,0,0,81,0,3,1,1,2,9,2,1,1
7,722,9,151,238,10340,0,0,3,0,12,2,2,4,1,2,0,0
0,0,0,0,11,831,0,0,0,0,5,3,2,6,14,2,0,0
9,357,3,115,45,2889,0,0,54,0,5,2,2,1,4,2,0,1
0,0,1,37,28,761,0,0,0,0,7,2,5,1,1,2,0,0
0,0,0,0,6,102,0,0,40,0,10,2,2,2,20,2,0,1
1,24,0,0,27,1792,0,0,0,0,12,2,2,2,2,2,0,0
0,0,0,0,21,1280,0,0,7,0,11,2,2,1,20,2,0,1
4,47,0,0,6,173,0,0,0,0,5,1,2,2,2,2,0,0
6,73,5,188,80,3313,0,0,0,0,11,2,2,1,2,2,1,0
1,4,0,0,26,242,0,0,0,0,6,4,1,2,1,2,0,0
6,96,0,0,28,672,0,0,19,0,3,1,1,2,10,2,0,1
6,145,6,199,40,1834,0,0,49,0,3,2,5,3,2,2,0,1
6,207,1,52,35,2239,0,0,0,0,11,1,1,8,3,2,0,0
0,0,0,0,21,947,0,0,55,0,5,2,2,1,5,0,1,1
2,48,0,0,5,396,0,0,0,0,12,3,2,5,10,2,0,0
8,498,6,433,99,2129,0,0,129,0,11,2,2,2,1,2,1,0
0,0,0,0,6,103,0,0,0,0,5,2,10,1,3,2,0,0
0,0,0,0,5,82,0,0,0,0,5,2,2,1,3,2,0,0
6,86,1,2,39,1050,0,0,13,0,5,3,2,6,3,2,0,1
7,77,0,0,14,192,0,0,0,0,3,2,2,1,1,2,0,0
0,0,0,0,11,216,0,0,0,0,5,2,5,1,1,2,0,0
0,0,0,0,20,419,0,0,0,0,8,3,2,3,3,2,1,0
1,0,0,0,56,2627,0,0,0,0,11,3,2,1,2,2,1,1
1,70,0,0,12,1644,0,0,0,0,8,1,1,4,4,0,0,0
0,0,0,0,34,1070,0,0,0,0,7,3,2,7,1,2,0,0
4,61,0,0,16,502,0,0,71,0,5,4,1,2,3,2,1,1
0,0,5,194,8,197,0,0,0,0,8,1,1,3,4,2,0,1
2,34,1,33,21,496,0,0,0,0,12,3,2,1,2,2,0,0
0,0,0,0,1,0,0,0,0,0,11,1,1,4,1,2,0,0
0,0,0,0,3,24,0,0,0,0,9,2,2,3,3,2,0,0
0,0,0,0,22,469,0,0,14,0,10,2,2,9,2,0,0,1
13,245,0,0,61,3773,0,0,22,0,10,2,2,9,3,2,0,1
8,466,2,75,44,1616,0,0,0,0,3,3,2,4,1,2,0,0
1,15,0,0,29,1714,0,0,0,0,5,2,5,6,4,2,0,0
0,0,0,0,1,0,0,0,0,0,5,2,2,1,1,2,0,0
0,0,0,0,3,59,0,0,0,0,3,3,2,1,1,2,0,0
0,0,0,0,38,2232,0,0,0,0,11,2,2,2,2,2,1,1
6,437,2,235,83,2503,0,0,2,0,3,2,2,3,2,2,0,1
0,0,0,0,7,136,0,0,0,0,12,3,2,9,6,2,0,0
2,21,0,0,27,694,0,0,0,0,5,2,2,1,2,2,0,0
3,107,0,0,14,382,0,0,0,0,12,2,2,1,1,2,0,0
